description,merchant,payment_method,transaction_type,category
NEFT DR UDEMY 192633 - certification exam,,Net Banking,expense,Education
POS 4129XXXX2537 SBI MUTUAL FUND GURUGRAM - portfolio top up,SBI Mutual Fund,UPI,expense,Investments
IMPS/309543/Ola Cabs,Ola Cabs,Credit Card,expense,Transport
IMPS/799298/OLCBS - auto ride,Ola Cabs,Credit Card,expense,Transport
UPI-Landlord Rent Transfer-209254@okhdfcbank,Landlord Rent Transfer,Bank Transfer,expense,Rent
UPI-Zerodha Kite-589416@okhdfcbank - index fund investment,Zerodha Kite,UPI,expense,Investments
BHIM UPI/Cleartrip/522891,,UPI,expense,Travel
POS 4701XXXX3479 DISNEYPLUSHOTSTAR INDORE - movie tickets,Disney Plus Hotstar,Auto Debit,expense,Entertainment
UPI/BYJUS Learning/214127/Payment,BYJUS Learning,Net Banking,expense,Education
BHIM UPI/BESCOM Electricity/736449 - utility payment,BESCOM Electricity,UPI,expense,Bills
Card payment to Ola Cabs - parking fee,Ola Cabs,Net Banking,expense,Transport
IMPS/291310/Amazon India - apparel order,Amazon India,UPI,expense,Shopping
BHIM UPI/Cash Withdrawal ATM/414480 - unclassified spend,Cash Withdrawal ATM,Net Banking,expense,Other
HCL Technologies monthly salary,,Bank Transfer,income,Salary
POS 5949XXXX3035 1MG INDORE,1mg Tata,Credit Card,expense,Healthcare
Blinkit CHENNAI - milk bread eggs,,Net Banking,expense,Food
IMPS CR 726990 Deloitte India - consulting retainer,Deloitte India,Bank Transfer,income,Salary
Behrouz Biryani online order - dessert,Behrouz Biryani,Net Banking,expense,Food
NEFT DR OLA CABS 726624,Ola Cabs,Net Banking,expense,Transport
NEFT DR BMTC BUS 781699 - office commute,BMTC Bus,Debit Card,expense,Transport
UPI/Indian Oil/400510/Payment - petrol refill,Indian Oil,UPI,expense,Transport
BHIM UPI/FIRSTCRY/638135,FirstCry,Credit Card,expense,Shopping
BookMyShow,BookMyShow,Credit Card,expense,Entertainment
RedBus,RedBus,Credit Card,expense,Travel
Municipal Tax,Municipal Tax,UPI,expense,Other
HP Petrol Pump GURUGRAM - car service,HP Petrol Pump,UPI,expense,Transport
POS 5768XXXX1604 HDFC BANK KOLKATA - credit card bill payment,HDFC Bank,Debit Card,expense,Bills
Dr Lal PathLabs,Dr Lal PathLabs,Credit Card,expense,Healthcare
Card payment to Blinkit - groceries in ten minutes,Blinkit,Credit Card,expense,Food
IMPS/309238/Blinkit - otc medicines delivery,Blinkit,Debit Card,expense,Healthcare
POS 4625XXXX3860 MANIPAL CHENNAI - physiotherapy session,,Credit Card,expense,Healthcare
Duolingo Plus online order - workshop registration,,Credit Card,expense,Education
HDFC Bank,HDFC Bank,Credit Card,expense,Investments
POS 5039XXXX2175 NPTEL CERTIFICATION PUNE,NPTEL Certification,UPI,expense,Education
BHIM UPI/Vodafone Idea/622420 - broadband bill,Vodafone Idea,Auto Debit,expense,Bills
BHIM UPI/Zee5/487651 - movie tickets,Zee5,UPI,expense,Entertainment
NEFT DR COLIVE RENT 718957 - co-living rent,Colive Rent,UPI,expense,Rent
DEBIT CARD PURCHASE Reliance Digital - dth recharge,,Net Banking,expense,Bills
UPI/PHYSCSWLLH/668436/Payment - study material,Physics Wallah,Debit Card,expense,Education
IMPS/789210/Thyrocare - doctor consultation,Thyrocare,Net Banking,expense,Healthcare
Croma - home appliance,Croma,Net Banking,expense,Shopping
POS 4698XXXX1902 CULT DELHI - physiotherapy session,Cult Fit,Debit Card,expense,Healthcare
Urban Company - massage therapy session,Urban Company,Credit Card,expense,Healthcare
NEFT DR FASTAG RECHARGE 201400 - cab ride,FASTag Recharge,Debit Card,expense,Transport
Card payment to Swiggy - late night food,Swiggy,UPI,expense,Food
DEBIT CARD PURCHASE NoBroker Pay,NoBroker Pay,UPI,expense,Rent
Uber India GURUGRAM - auto ride,Uber India,Net Banking,expense,Transport
Card payment to URBANCOMPANY,Urban Company,Credit Card,expense,Healthcare
INDNL online order,Indian Oil,Net Banking,expense,Transport
DMart HYDERABAD - dairy items,DMart,Debit Card,expense,Food
PAYTM-Apollo Pharmacy-771762,Apollo Pharmacy,Credit Card,expense,Healthcare
Urban Company online order - government fee,,UPI,expense,Other
UPI-PEPPERFRY-227813@okhdfcbank,Pepperfry,UPI,expense,Shopping
UPI/Landlord Rent Transfer/505845/Payment - monthly house rent,Landlord Rent Transfer,UPI,expense,Rent
IMPS/202072/Stanza Living - apartment rent,Stanza Living,UPI,expense,Rent
PAYTM-DMart-682467,,UPI,expense,Food
NEFT DR VODAFONE IDEA 979861 - utility payment,,UPI,expense,Bills
POS 5941XXXX2611 GOIBIBO INDORE - flight booking,Goibibo,Credit Card,expense,Travel
INDIANOIL online order - highway convenience store snacks,Indian Oil,UPI,expense,Food
Card payment to NGO Contribution,NGO Contribution,Debit Card,expense,Other
SBI Mutual Fund JAIPUR - mutual fund purchase,,Bank Transfer,expense,Investments
BHIM UPI/Municipal Tax/814487 - cash withdrawal,Municipal Tax,Cash,expense,Other
NEFT DR CAMBRIDGE ASSESSMENT 386505,Cambridge Assessment,Debit Card,expense,Education
Urban Company KOCHI - massage therapy session,Urban Company,UPI,expense,Healthcare
POS 4275XXXX6916 UPGRD INDORE - study material,,UPI,expense,Education
EASEMYTRI - visa fee,EaseMyTrip,UPI,expense,Travel
Titan World GURUGRAM,Titan World,Debit Card,expense,Shopping
Card payment to CROMA,,Credit Card,expense,Shopping
DEBIT CARD PURCHASE HDFC Bank - recurring deposit debit,HDFC Bank,Debit Card,expense,Investments
Amazon Kindle Books online order - study material,Amazon Kindle Books,UPI,expense,Education
DEBIT CARD PURCHASE FirstCry - clothing order,FirstCry,Debit Card,expense,Shopping
POS 5701XXXX2918 NETMEDS JAIPUR - vitamins order,Netmeds,Debit Card,expense,Healthcare
DEBIT CARD PURCHASE National Pension Scheme,National Pension Scheme,UPI,expense,Investments
UPI/SOCIETYMAINT/865591/Payment - electricity bill,,Credit Card,expense,Bills
UPI/NoBroker Pay/615557/Payment,NoBroker Pay,UPI,expense,Rent
POS 4119XXXX7904 URBANCOM GURUGRAM,Urban Company,Credit Card,expense,Other
UPI-COURSERA-216710@okhdfcbank,Coursera,Credit Card,expense,Education
BHIM UPI/BOOKMYSHOW/900504 - stand up comedy show,BookMyShow,UPI,expense,Entertainment
UPI/Netflix/796083/Payment - game purchase,Netflix,Auto Debit,expense,Entertainment
IMPS/712592/MedPlus - vaccination,,Debit Card,expense,Healthcare
POS 5887XXXX9920 UNACADEMY BENGALURU,Unacademy,Net Banking,expense,Education
IMPS/271325/Municipal Tax - home service,,UPI,expense,Other
UPI-Paytm Money-813976@okhdfcbank - index fund investment,Paytm Money,Bank Transfer,expense,Investments
Card payment to DMART - clothing section,DMart,UPI,expense,Shopping
DEBIT CARD PURCHASE Municipal Tax - penalty payment,Municipal Tax,Cash,expense,Other
Adani Electricity online order - piped gas bill,Adani Electricity,Credit Card,expense,Bills
Card payment to PharmEasy - lab test,PharmEasy,Credit Card,expense,Healthcare
Landlord Rent Transfer - rent via nobroker,Landlord Rent Transfer,UPI,expense,Rent
POS 4858XXXX7577 INDANE GAS KOCHI,,Credit Card,expense,Bills
PAYTM-Coursera-702379 - tuition fee,Coursera,UPI,expense,Education
DEBIT CARD PURCHASE Croma Retail,,UPI,expense,Shopping
DEBIT CARD PURCHASE IRCTC Rail Connect - hotel stay,IRCTC Rail Connect,Net Banking,expense,Travel
Spotify India NOIDA,Spotify India,Debit Card,expense,Entertainment
Ola Cabs online order,Ola Cabs,Credit Card,expense,Transport
UPI-CAMBRIDGEASSE-260238@okhdfcbank - study material,Cambridge Assessment,Net Banking,expense,Education
Cleartrip DELHI - holiday package,Cleartrip,Debit Card,expense,Travel
NEFT DR FLIPKART 997556,Flipkart,Net Banking,expense,Shopping
Card payment to Reliance Digital - television purchase,Reliance Digital,Net Banking,expense,Shopping
PAYTM-Thyrocare-312954,Thyrocare,Net Banking,expense,Healthcare
UPI-Swiggy-460414@okhdfcbank - instamart household items,Swiggy,Credit Card,expense,Shopping
UPI/NoBroker Pay/746093/Payment,NoBroker Pay,Bank Transfer,expense,Rent
IMPS/532732/NoBroker Pay,NoBroker Pay,UPI,expense,Rent
IMPS CR 130510 Flipkart Internet - net pay,Flipkart Internet,Bank Transfer,income,Salary
NEFT DR NETMDS 105700 - eye checkup,,Debit Card,expense,Healthcare
UPI-Netflix-756953@okhdfcbank - concert tickets,Netflix,Credit Card,expense,Entertainment
Amazon Kindle Books online order - tuition fee,Amazon Kindle Books,Debit Card,expense,Education
POS 5788XXXX9741 UPGRAD NOIDA,upGrad,Net Banking,expense,Education
NPTEL Certification KOCHI,NPTEL Certification,Debit Card,expense,Education
UPI/Adani Electricity/254400/Payment,Adani Electricity,UPI,expense,Bills
Upstox HYDERABAD - index fund investment,,Net Banking,expense,Investments
DEBIT CARD PURCHASE HPPETROLPUMP - toll recharge,HP Petrol Pump,Credit Card,expense,Transport
POS 4888XXXX9798 DMART INDORE,DMart,Net Banking,expense,Shopping
UPI/PASSPORTSE/514235/Payment,Passport Seva,Cash,expense,Other
UPI-Decathlon-665680@okhdfcbank,Decathlon,Credit Card,expense,Shopping
PAYTM-Apple Music-952317 - music subscription,Apple Music,Debit Card,expense,Entertainment
POS 4320XXXX4783 AMAZON INDIA INDORE,,UPI,expense,Shopping
UPI-DMART-384480@okhdfcbank - dairy items,DMart,Net Banking,expense,Food
DEBIT CARD PURCHASE Zoomcar,Zoomcar,Credit Card,expense,Transport
INDIAN - fuel topup,Indian Oil,Credit Card,expense,Transport
UPI/Ajio/765674/Payment - headphones,Ajio,Net Banking,expense,Shopping
UPI-PARK-643339@okhdfcbank,Park Plus Parking,UPI,expense,Transport
Reliance Digital online order - mobile bill payment counter,Reliance Digital,UPI,expense,Bills
UPI/BLINKIT/292268/Payment - otc medicines delivery,Blinkit,Debit Card,expense,Healthcare
NEFT DR URBAN COMPANY 840566,Urban Company,Credit Card,expense,Other
Card payment to Amazon India - skincare order,Amazon India,Debit Card,expense,Shopping
UPI/IndiGo Airlines/362222/Payment,IndiGo Airlines,Credit Card,expense,Travel
DEBIT CARD PURCHASE ZERODHAKITE - sip installment,Zerodha Kite,UPI,expense,Investments
BHIM UPI/BYJUS Learning/638132,BYJUS Learning,Credit Card,expense,Education
Card payment to Croma - home appliance,Croma,Credit Card,expense,Shopping
IMPS/198636/BookMyShow - out of town event booking,BookMyShow,Credit Card,expense,Travel
UPI/Stanza Living/278608/Payment - apartment rent,Stanza Living,UPI,expense,Rent
POS 5509XXXX2064 PAYTM WALLET PUNE - event booking,,Credit Card,expense,Entertainment
POS 5776XXXX1069 NETMDS BENGALURU - dental visit,Netmeds,Debit Card,expense,Healthcare
IMPS/587297/Amazon India,Amazon India,Net Banking,expense,Shopping
Miscellaneous Payment online order - courier charges,,Debit Card,expense,Other
Card payment to Tata Power - postpaid bill,Tata Power,Credit Card,expense,Bills
Swiggy Bundl Technologies dividend payout - performance bonus,Swiggy Bundl Technologies,Net Banking,income,Salary
POS 5743XXXX5704 BLU SMART NOIDA - cab ride,Blu Smart,UPI,expense,Transport
UPI-RedBus-508662@okhdfcbank - hotel stay,RedBus,Net Banking,expense,Travel
Zolo Stays,Zolo Stays,UPI,expense,Rent
UPI/Bank Service Charge/843252/Payment,,Cash,expense,Other
POS 5938XXXX3924 VISTARA JAIPUR - visa fee,,UPI,expense,Travel
BHIM UPI/Jio Fiber/332424,Jio Fiber,Credit Card,expense,Bills
IMPS/574494/SCALERACADEMY - tuition fee,Scaler Academy,UPI,expense,Education
DEBIT CARD PURCHASE Swiggy,Swiggy,UPI,expense,Food
PAYTM-Tata Power-175841,Tata Power,Credit Card,expense,Bills
Miscellaneous Payment - annual fee,Miscellaneous Payment,Net Banking,expense,Other
Accenture India dividend payout - net pay,,Bank Transfer,income,Salary
PAYTM-Barbeque Nation-432594,Barbeque Nation,Net Banking,expense,Food
NEFT DR NATIONAL PENSION SCHEME 853398 - ppf contribution,,Net Banking,expense,Investments
UPI-LICIOUS-492786@okhdfcbank - restaurant bill,Licious,UPI,expense,Food
BHIM UPI/Donation GiveIndia/243452 - home service,Donation GiveIndia,UPI,expense,Other
IMPS CR 911599 Tata Consultancy Services,Tata Consultancy Services,Net Banking,income,Salary
NEFT DR LOCKSMITH SERVICE 531600,Locksmith Service,Net Banking,expense,Other
IMPS/965153/SWGGY,Swiggy,Debit Card,expense,Food
FASTag Recharge - cab ride,FASTag Recharge,UPI,expense,Transport
LIC Premium JAIPUR - electricity bill,LIC Premium,Credit Card,expense,Bills
ACH CR DELOITTEIN PAYROLL - monthly salary credit,Deloitte India,Net Banking,income,Salary
POS 4499XXXX5257 H&M INDIA KOLKATA,H&M India,UPI,expense,Shopping
ACH CR ZOHO CORP PAYROLL,Zoho Corp,Net Banking,income,Salary
POS 5812XXXX3578 IKEA INDIA INDORE - electronics order,IKEA India,Credit Card,expense,Shopping
BHIM UPI/Airbnb India/957527 - resort booking,Airbnb India,Debit Card,expense,Travel
NEFT DR MISCELLANEOU 738874 - bank charges,Miscellaneous Payment,Net Banking,expense,Other
PAYTM-Barbeque Nation-181838 - coffee,,Debit Card,expense,Food
BHIM UPI/Croma/370069,,UPI,expense,Shopping
UPI/MAHANAGAR/937997/Payment,Mahanagar Gas,Credit Card,expense,Bills
UPI-Zolo Stays-217082@okhdfcbank,Zolo Stays,UPI,expense,Rent
Croma DELHI - e reader purchase,,Credit Card,expense,Education
POS 4922XXXX6141 IRCTC RAIL CONNECT MUMBAI - holiday package,IRCTC Rail Connect,Credit Card,expense,Travel
POS 5735XXXX1754 LENSKART INDORE - accessories,Lenskart,UPI,expense,Shopping
UPI-UPGRAD-280157@okhdfcbank - coaching fee,upGrad,Debit Card,expense,Education
Zoomcar KOCHI - fuel refill,Zoomcar,Credit Card,expense,Transport
DMARTGROCE - breakfast order,DMart Grocery,Debit Card,expense,Food
BHIM UPI/NoBroker Pay/272152 - rent transfer,NoBroker Pay,Net Banking,expense,Rent
Airbnb India - airport lounge,Airbnb India,Credit Card,expense,Travel
EaseMyTrip online order,EaseMyTrip,Debit Card,expense,Travel
IMPS CR 769775 HCL Technologies - freelance invoice payment,HCL Technologies,Net Banking,income,Salary
NEFT DR AMAZONPRIMEVI 887433,Amazon Prime Video,UPI,expense,Entertainment
PAYTM-YouTube Premium-656746,YouTube Premium,Debit Card,expense,Entertainment
IMPS/532473/Unacademy,,Credit Card,expense,Education
BHIM UPI/Zee5/681584 - weekend movie,Zee5,UPI,expense,Entertainment
POS 4180XXXX6340 EASEMYTRIP NOIDA - airport lounge,EaseMyTrip,UPI,expense,Travel
Infosys Ltd dividend payout - performance bonus,Infosys Ltd,Net Banking,income,Salary
Card payment to Barbeque Nation - coffee,Barbeque Nation,Debit Card,expense,Food
BHIM UPI/Third Wave Coffee/812543,Third Wave Coffee,Credit Card,expense,Food
NEFT CR FLIPKART SALARY,Flipkart Internet,Bank Transfer,income,Salary
NEFT DR AJIO 807965 - electronics order,Ajio,Debit Card,expense,Shopping
UPI/Miscellaneous Payment/886571/Payment - bank charges,,Debit Card,expense,Other
PAYTM-Coursera-143516 - workshop registration,Coursera,Credit Card,expense,Education
HDFC Bank online order - service charge,HDFC Bank,Credit Card,expense,Other
UPI/Kuvera SIP/344845/Payment,Kuvera SIP,Net Banking,expense,Investments
MedPlus BENGALURU,MedPlus,Credit Card,expense,Healthcare
IMPS/895024/Cult Fit,Cult Fit,Credit Card,expense,Healthcare
Card payment to DMart,DMart,Debit Card,expense,Shopping
UPI/Manipal Hospital/966863/Payment,,Credit Card,expense,Healthcare
PAYTM-NPTEL Certification-615702,,Debit Card,expense,Education
Card payment to Indane Gas - insurance premium,Indane Gas,Auto Debit,expense,Bills
Card payment to Apple Music - audiobook,Apple Music,Debit Card,expense,Entertainment
PAYTM-ZOLOSTAYS-496981,Zolo Stays,Net Banking,expense,Rent
DMart GURUGRAM - dairy items,DMart,Credit Card,expense,Food
PAYTM-URBANCOMPAN-154799,Urban Company,Debit Card,expense,Other
Titan World - online purchase,Titan World,UPI,expense,Shopping
NEFT DR THYROCARE 601273 - doctor consultation,,Credit Card,expense,Healthcare
Physics Wallah,Physics Wallah,Credit Card,expense,Education
BHIM UPI/Max Healthcare/282500 - vaccination,Max Healthcare,Net Banking,expense,Healthcare
Delhi Metro Rail - airport drop,Delhi Metro Rail,Credit Card,expense,Transport
UPI-Park Plus Parking-181251@okhdfcbank - cab ride,Park Plus Parking,Debit Card,expense,Transport
Blinkit online order - otc medicines delivery,Blinkit,UPI,expense,Healthcare
POS 5605XXXX6625 GOIBIBO PUNE - flight booking,Goibibo,Net Banking,expense,Travel
POS 4442XXXX7639 DELHI METRO RAIL BENGALURU - cab ride,Delhi Metro Rail,Net Banking,expense,Transport
Swiggy Bundl Technologies dividend payout,Swiggy Bundl Technologies,Bank Transfer,income,Salary
BHIM UPI/Paytm Money/368876 - gold bond purchase,,Auto Debit,expense,Investments
NEFT DR NIPPON INDIA SIP 413235 - mutual fund purchase,Nippon India SIP,Net Banking,expense,Investments
DEBIT CARD PURCHASE RELIANCE - appliance,Reliance Digital,Net Banking,expense,Shopping
PAYTM-Mahanagar Gas-650418,Mahanagar Gas,UPI,expense,Bills
Faasos - food order,Faasos,Credit Card,expense,Food
Card payment to Disney Plus Hotstar - music subscription,Disney Plus Hotstar,Debit Card,expense,Entertainment
UPI/Netmeds/533663/Payment,Netmeds,Credit Card,expense,Healthcare
BHIM UPI/Manipal Hospital/298821 - medicines,,Debit Card,expense,Healthcare
Kuvera SIP - index fund investment,Kuvera SIP,Bank Transfer,expense,Investments
NATIONAL,National Pension Scheme,Bank Transfer,expense,Investments
DEBIT CARD PURCHASE Nestaway Rent - apartment rent,Nestaway Rent,Net Banking,expense,Rent
NEFT DR BOOKMYSHO 119654,BookMyShow,Credit Card,expense,Entertainment
PAYTM-Amazon India-531922,,Net Banking,expense,Shopping
Myntra online order - furniture,,Debit Card,expense,Shopping
IMPS CR 921782 Deloitte India,Deloitte India,Net Banking,income,Salary
UPI-Landlord Rent Transfer-526226@okhdfcbank - apartment rent,Landlord Rent Transfer,Bank Transfer,expense,Rent
NEFT DR CASHWITHDRAWA 125214,Cash Withdrawal ATM,Cash,expense,Other
upGrad online order,upGrad,Credit Card,expense,Education
UPI/Kuvera SIP/567705/Payment,Kuvera SIP,UPI,expense,Investments
UPI-MCDONALDS-645969@okhdfcbank - dinner delivery,McDonalds,Credit Card,expense,Food
DEBIT CARD PURCHASE Paytm Money - recurring deposit,Paytm Money,Auto Debit,expense,Investments
IMPS/435743/Paytm Money - sip installment,Paytm Money,Auto Debit,expense,Investments
DEBIT CARD PURCHASE McDonalds,McDonalds,Debit Card,expense,Food
Card payment to Burger King,Burger King,Credit Card,expense,Food
BHIM UPI/Urban Company/241597,Urban Company,UPI,expense,Healthcare
UPI-Swiggy-865139@okhdfcbank - team lunch,Swiggy,Credit Card,expense,Food
UPI/Amazon Prime Video/663631/Payment,,UPI,expense,Entertainment
DEBIT CARD PURCHASE HDFC Bank - loan emi debit,HDFC Bank,Net Banking,expense,Bills
IMPS/915289/PVR Cinemas,PVR Cinemas,Auto Debit,expense,Entertainment
Card payment to Paytm Wallet,Paytm Wallet,Net Banking,expense,Transport
POS 4125XXXX1657 NAMMA METRO NOIDA - airport drop,Namma Metro,Net Banking,expense,Transport
UPI/Netflix/934592/Payment - annual plan,Netflix,Debit Card,expense,Entertainment
IMPS/585227/Municipal Tax - annual fee,Municipal Tax,Cash,expense,Other
Stanza Living HYDERABAD,,Bank Transfer,expense,Rent
PAYTM-EASEMYTRIP-718952 - hotel stay,EaseMyTrip,UPI,expense,Travel
NEFT DR ZEPTO 367091 - dinner delivery,Zepto,Debit Card,expense,Food
POS 4893XXXX1869 CAMBRIDGE ASSESSMENT DELHI,Cambridge Assessment,Net Banking,expense,Education
UPI/WELLNESSFOREV/955083/Payment,Wellness Forever,Debit Card,expense,Healthcare
Goibibo online order - airport lounge,Goibibo,Net Banking,expense,Travel
Card payment to Swiggy,Swiggy,UPI,expense,Shopping
IMPS/986123/BMTC Bus - car service,BMTC Bus,Debit Card,expense,Transport
Axis Bluechip SIP online order - gold bond purchase,Axis Bluechip SIP,Bank Transfer,expense,Investments
CREDIT INTEREST Accenture India - performance bonus,Accenture India,Bank Transfer,income,Salary
DEBIT CARD PURCHASE IndiGo Airlines - airport lounge,IndiGo Airlines,Debit Card,expense,Travel
Indian Oil online order - fuel topup,Indian Oil,Net Banking,expense,Transport
Wellness Forever - doctor consultation,Wellness Forever,Net Banking,expense,Healthcare
POS 5660XXXX2964 HDFC HYDERABAD - annual card fee,,Net Banking,expense,Other
UPI/1mg Tata/933011/Payment - health checkup,1mg Tata,Debit Card,expense,Healthcare
Barbeque Nation,,Net Banking,expense,Food
NEFT DR MUNICIPAL TAX 636110,Municipal Tax,UPI,expense,Other
upGrad online order,upGrad,Net Banking,expense,Education
UPI/Paytm Wallet/488527/Payment - electricity bill payment,Paytm Wallet,UPI,expense,Bills
EaseMyTrip online order,EaseMyTrip,Debit Card,expense,Travel
Reliance Digital NOIDA - mobile bill payment counter,,Credit Card,expense,Bills
IMPS/751898/Licious - team lunch,Licious,Net Banking,expense,Food
Property Rent online order - flat rent,Property Rent,UPI,expense,Rent
IMPS/668932/RedBus,RedBus,Net Banking,expense,Travel
POS 5324XXXX1824 STARBUCKS COFFEE INDORE - team lunch,Starbucks Coffee,Net Banking,expense,Food
Card payment to Urban Company - massage therapy session,,UPI,expense,Healthcare
IMPS/915151/Mahanagar Gas,Mahanagar Gas,UPI,expense,Bills
POS 5443XXXX9882 NETFLIX JAIPUR,Netflix,Credit Card,expense,Entertainment
Manipal Hospital online order - medicines,Manipal Hospital,UPI,expense,Healthcare
PAYTM-Haldirams Sweets-905425 - dinner delivery,Haldirams Sweets,Net Banking,expense,Food
BHIM UPI/Groww Invest/582076,Groww Invest,Bank Transfer,expense,Investments
DEBIT CARD PURCHASE MSEDCL Power - broadband bill,MSEDCL Power,Credit Card,expense,Bills
Card payment to Mahanagar Gas,Mahanagar Gas,Net Banking,expense,Bills
PAYTM-Groww Invest-839366,Groww Invest,Auto Debit,expense,Investments
UPI/Reliance Digital/471390/Payment - mobile bill payment counter,,UPI,expense,Bills
UPI/DMart/458921/Payment - dairy items,DMart,Net Banking,expense,Food
Subway - restaurant bill,Subway,UPI,expense,Food
HDFC Mutual Fund - index fund investment,,UPI,expense,Investments
POS 4835XXXX9320 HDFC DELHI - recurring deposit debit,HDFC Bank,Debit Card,expense,Investments
Card payment to NPTEL Certification - textbooks,,Debit Card,expense,Education
PAYTM-Treebo Hotels-699964,,Debit Card,expense,Travel
UPI/Lenskart/263848/Payment - accessories,Lenskart,Credit Card,expense,Shopping
Property Rent online order - rent transfer,Property Rent,Bank Transfer,expense,Rent
Card payment to Goibibo - flight booking,Goibibo,UPI,expense,Travel
UPI/IRCTC Rail Connect/421107/Payment - holiday package,,Debit Card,expense,Travel
Landlord Rent Transfer - monthly house rent,Landlord Rent Transfer,UPI,expense,Rent
UPI/Kuvera SIP/145830/Payment - ppf contribution,Kuvera SIP,Bank Transfer,expense,Investments
DEBIT CARD PURCHASE DMart,DMart,Credit Card,expense,Food
Axis Bluechip SIP - equity purchase,Axis Bluechip SIP,Auto Debit,expense,Investments
IMPS CR 246763 Freshworks Inc,Freshworks Inc,Net Banking,income,Salary
DEBIT CARD PURCHASE Zolo Stays,Zolo Stays,Bank Transfer,expense,Rent
UPI-Blinkit-734352@okhdfcbank - sanitiser and masks,Blinkit,Debit Card,expense,Healthcare
Card payment to Public Provident Fund,Public Provident Fund,UPI,expense,Investments
BHIM UPI/Croma/949318 - tablet for online classes,Croma,Credit Card,expense,Education
PAYTM-Amazon India-745092,Amazon India,Debit Card,expense,Food
NEFT CR ACCENTURE INDIA SALARY - monthly salary credit,Accenture India,Net Banking,income,Salary
UPI/RELIANCEFRESH/155373/Payment - lunch order,Reliance Fresh,Debit Card,expense,Food
PAYTM-Indane Gas-898585,Indane Gas,Net Banking,expense,Bills
Wow Momo online order - breakfast order,Wow Momo,Debit Card,expense,Food
Card payment to COURIERBLUED,Courier Bluedart,Debit Card,expense,Other
DEBIT CARD PURCHASE DMart - clothing section,,Net Banking,expense,Shopping
MSEDCL Power online order - postpaid bill,MSEDCL Power,Credit Card,expense,Bills
UPI-ZOLO-745778@okhdfcbank,Zolo Stays,Net Banking,expense,Rent
UPI/Tata Cliq/456528/Payment - headphones,Tata Cliq,Credit Card,expense,Shopping
IMPS/713939/Scaler Academy,Scaler Academy,Debit Card,expense,Education
Theobroma - dessert,Theobroma,Net Banking,expense,Food
UPI/Tata Power/430141/Payment - water bill,,Auto Debit,expense,Bills
CREDIT INTEREST Deloitte India,Deloitte India,Bank Transfer,income,Salary
Card payment to Groww Invest,Groww Invest,Auto Debit,expense,Investments
DEBIT CARD PURCHASE Great Learning,Great Learning,Net Banking,expense,Education
POS 5401XXXX7837 VODAFONE IDEA INDORE - gas cylinder booking,Vodafone Idea,Net Banking,expense,Bills
Apollo Pharmacy online order,,Credit Card,expense,Shopping
Urban Company - salon and wellness at home,Urban Company,Debit Card,expense,Healthcare
POS 4125XXXX1205 VISTARA DELHI - holiday package,Vistara,Net Banking,expense,Travel
UPI/Titan World/818935/Payment - skincare order,Titan World,Net Banking,expense,Shopping
PAYTM-BMTC Bus-290273 - parking fee,BMTC Bus,Credit Card,expense,Transport
IMPS/211014/Zerodha Kite - nps contribution,Zerodha Kite,Auto Debit,expense,Investments
POS 4191XXXX4754 COLIVE RENT CHENNAI,Colive Rent,UPI,expense,Rent
UPI/Barbeque Nation/535793/Payment,,Debit Card,expense,Food
BHIM UPI/Indian Oil/791582,Indian Oil,Net Banking,expense,Transport
IMPS/481325/FirstCry,FirstCry,Credit Card,expense,Shopping
PAYTM-Namma Metro-351349,Namma Metro,Debit Card,expense,Transport
Card payment to Cafe Coffee Day,Cafe Coffee Day,Credit Card,expense,Food
UPI-Colive Rent-705003@okhdfcbank - pg rent,,Net Banking,expense,Rent
DOMINOS online order,Dominos Pizza,Credit Card,expense,Food
Indian Oil - highway convenience store snacks,Indian Oil,UPI,expense,Food
UPI-Colive Rent-699846@okhdfcbank - pg rent,Colive Rent,UPI,expense,Rent
Titan World - clothing order,Titan World,Credit Card,expense,Shopping
POS 4418XXXX7100 SHELL PUNE,Shell Fuel Station,Debit Card,expense,Transport
NEFT DR INDIAN OIL 308896 - petrol refill,,Debit Card,expense,Transport
DEBIT CARD PURCHASE OYO Rooms - resort booking,OYO Rooms,Debit Card,expense,Travel
IMPS/594434/Croma - e reader purchase,Croma,Debit Card,expense,Education
UPI/Urban Company/355743/Payment - home cleaning service,,Net Banking,expense,Other
SALARY CREDIT Accenture India 429524,Accenture India,Bank Transfer,income,Salary
UPI/Apollo Pharmacy/857646/Payment - lab test,Apollo Pharmacy,Debit Card,expense,Healthcare
Card payment to Apollo Pharmacy,Apollo Pharmacy,Net Banking,expense,Shopping
Croma - tablet for online classes,Croma,Debit Card,expense,Education
UPI/MSEDCL Power/105517/Payment - maintenance charges,MSEDCL Power,Net Banking,expense,Bills
POS 4163XXXX2824 URBAN COMPANY MUMBAI,Urban Company,Debit Card,expense,Other
Card payment to Zee5,Zee5,Debit Card,expense,Entertainment
NoBroker Pay - flat rent,NoBroker Pay,Bank Transfer,expense,Rent
IMPS/112794/Apollo Pharmacy - toiletries and cosmetics,Apollo Pharmacy,UPI,expense,Shopping
DEBIT CARD PURCHASE OYO Rooms - airport lounge,,Credit Card,expense,Travel
Clove Dental online order - dental visit,Clove Dental,UPI,expense,Healthcare
Upstox CHENNAI,Upstox,UPI,expense,Investments
NEFT CR WIPROLTD SALARY - payroll credit,Wipro Ltd,Net Banking,income,Salary
DEBIT CARD PURCHASE Swiggy - late night food,Swiggy,Debit Card,expense,Food
BMTC Bus - parking fee,,Net Banking,expense,Transport
Card payment to Stanza Living - co-living rent,Stanza Living,Net Banking,expense,Rent
THEOBROMA online order - grocery basket,Theobroma,Debit Card,expense,Food
DEBIT CARD PURCHASE FLIPKART,Flipkart,UPI,expense,Shopping
UPI-Wow Momo-394178@okhdfcbank,Wow Momo,UPI,expense,Food
BHIM UPI/Airtel Postpaid/586083 - water bill,Airtel Postpaid,Auto Debit,expense,Bills
BESCOMELECTRIC online order,BESCOM Electricity,Net Banking,expense,Bills
IMPS/695115/Delhi Metro Rail - fuel refill,Delhi Metro Rail,Credit Card,expense,Transport
BHIM UPI/TATPWR/969844 - broadband bill,,UPI,expense,Bills
IMPS/502400/AIRINDIA - airport lounge,Air India,Debit Card,expense,Travel
Duolingo Plus,Duolingo Plus,UPI,expense,Education
Card payment to Reliance Digital - appliance,Reliance Digital,Credit Card,expense,Shopping
Apollo Pharmacy online order - toiletries and cosmetics,,Credit Card,expense,Shopping
Miscellaneous Payment online order - home service,Miscellaneous Payment,UPI,expense,Other
DMart - home essentials,DMart,Credit Card,expense,Shopping
BHIM UPI/Blinkit/849047,Blinkit,UPI,expense,Food
Duolingo Plus HYDERABAD - online class,,UPI,expense,Education
NEFT CR FLIPKART INTERNET SALARY - monthly remuneration,Flipkart Internet,Net Banking,income,Salary
Card payment to Reliance Digital - dth recharge,Reliance Digital,Debit Card,expense,Bills
IMPS/433885/Croma,Croma,Debit Card,expense,Education
PAYTM-Crossword Bookstore-158835 - course fee,Crossword Bookstore,Net Banking,expense,Education
POS 4327XXXX8786 FASTAGRE MUMBAI - cab ride,FASTag Recharge,Credit Card,expense,Transport
BHIM UPI/Blinkit/538517 - groceries in ten minutes,Blinkit,Debit Card,expense,Food
NEFT DR ZOMATO 266607,Zomato,UPI,expense,Food
NGO PUNE - cash withdrawal,NGO Contribution,UPI,expense,Other
DEBIT CARD PURCHASE Yulu Bikes,Yulu Bikes,Debit Card,expense,Transport
BHIM UPI/IKEA India/603177,IKEA India,Credit Card,expense,Shopping
PAYTMWALLET online order,Paytm Wallet,Credit Card,expense,Entertainment
UPI-FASTag Recharge-735776@okhdfcbank,FASTag Recharge,Credit Card,expense,Transport
Nestaway Rent online order - flat rent,Nestaway Rent,Bank Transfer,expense,Rent
Cheque Payment - government fee,Cheque Payment,Debit Card,expense,Other
PAYTM-HDFC-256424,HDFC Bank,Credit Card,expense,Investments
BHIM UPI/Thyrocare/524957 - lab test,Thyrocare,Net Banking,expense,Healthcare
NEFT DR YOUTUBE 336724,YouTube Premium,Auto Debit,expense,Entertainment
Card payment to Paytm Wallet,Paytm Wallet,UPI,expense,Bills
Netflix BENGALURU,Netflix,Auto Debit,expense,Entertainment
SALARY CREDIT FLIPKARTINTERNET 319627 - performance bonus,Flipkart Internet,Net Banking,income,Salary
UPI-Urban Company-279835@okhdfcbank,Urban Company,Credit Card,expense,Other
PAYTM-Miscellaneous Payment-356096 - cash withdrawal,Miscellaneous Payment,UPI,expense,Other
NEFT DR PAYTM WALLET 175742 - money transfer to contact,,UPI,expense,Other
CREDIT INTEREST ACCENTURE - payroll credit,Accenture India,Net Banking,income,Salary
Passport Seva online order,,Net Banking,expense,Other
Bharat Gas - utility payment,,Net Banking,expense,Bills
HDFC Bank - loan emi debit,HDFC Bank,Debit Card,expense,Bills
CREDIT INTEREST Flipkart Internet - salary for september,Flipkart Internet,Bank Transfer,income,Salary
PAYTM-BookMyShow-692211,BookMyShow,Credit Card,expense,Entertainment
PAYTM-DONTNGVND-486020,Donation GiveIndia,Net Banking,expense,Other
NEFT DR COLIVE RENT 783656,Colive Rent,Net Banking,expense,Rent
Urban Company online order - appliance repair,,Net Banking,expense,Other
Indian Oil KOCHI - highway convenience store snacks,,Net Banking,expense,Food
YouTube Premium GURUGRAM - music subscription,YouTube Premium,Auto Debit,expense,Entertainment
Airtel Postpaid online order - maintenance charges,Airtel Postpaid,UPI,expense,Bills
JioCinema CHENNAI,JioCinema,UPI,expense,Entertainment
PAYTM-Netmeds-128154 - physiotherapy session,Netmeds,Credit Card,expense,Healthcare
NEFT CR ZOHO SALARY,,Bank Transfer,income,Salary
UPI/BESCOM Electricity/111315/Payment - utility payment,BESCOM Electricity,Net Banking,expense,Bills
POS 4041XXXX1195 AMAZON INDIA CHENNAI,Amazon India,Credit Card,expense,Shopping
UPI-HDFC Bank-917284@okhdfcbank - annual card fee,HDFC Bank,UPI,expense,Other
UPI/Urban Company/247179/Payment,Urban Company,Net Banking,expense,Other
Card payment to FASTag Recharge - metro recharge,FASTag Recharge,Credit Card,expense,Transport
UPI-BHARAT-803837@okhdfcbank - petrol,Bharat Petroleum,Net Banking,expense,Transport
NEFT DR AMAZON INDIA 198383 - exam guide,Amazon India,Debit Card,expense,Education
UPI-MSEDCL Power-297596@okhdfcbank,MSEDCL Power,Credit Card,expense,Bills
PAYTM-Indian Oil-976307,Indian Oil,Net Banking,expense,Transport
LANDLRDRNTTRNS online order,Landlord Rent Transfer,UPI,expense,Rent
IMPS/992095/TREEBOHOTELS,Treebo Hotels,Net Banking,expense,Travel
POS 5566XXXX3263 AMAZON KINDLE BOOKS JAIPUR - study material,Amazon Kindle Books,Net Banking,expense,Education
FRESHWORKS monthly salary - consulting retainer,Freshworks Inc,Net Banking,income,Salary
POS 4473XXXX6944 APOLLO GURUGRAM - toiletries and cosmetics,Apollo Pharmacy,UPI,expense,Shopping
POS 5634XXXX8456 LOCKSMITH SERVICE KOCHI,,Debit Card,expense,Other
UPI/Blinkit/988437/Payment,,Debit Card,expense,Healthcare
BHIM UPI/AIRTELPOSTPAID/510550 - broadband bill,Airtel Postpaid,Auto Debit,expense,Bills
UPI-BookMyShow-196258@okhdfcbank,BookMyShow,UPI,expense,Travel
Spotify India KOLKATA - game purchase,Spotify India,UPI,expense,Entertainment
POS 5906XXXX2236 CASH WITHDRAWAL ATM HYDERABAD - courier charges,,Debit Card,expense,Other
Card payment to OYOROOMS - visa fee,OYO Rooms,Debit Card,expense,Travel
Card payment to Spotify India,Spotify India,UPI,expense,Entertainment
IMPS/247829/Blinkit,Blinkit,UPI,expense,Food
IMPS/748271/Apollo Pharmacy,Apollo Pharmacy,Debit Card,expense,Healthcare
Yatra Online JAIPUR,Yatra Online,Debit Card,expense,Travel
Titan World KOCHI - electronics order,Titan World,Net Banking,expense,Shopping
PAYTM-Vistara-120530 - flight booking,Vistara,UPI,expense,Travel
FASTag Recharge INDORE,FASTag Recharge,UPI,expense,Transport
DEBIT CARD PURCHASE Zee5 - game purchase,Zee5,Debit Card,expense,Entertainment
Card payment to Public Provident Fund - recurring deposit,,Auto Debit,expense,Investments
IMPS/474094/ICICI Prudential SIP,,UPI,expense,Investments
Card payment to Audible India - monthly plan,Audible India,Debit Card,expense,Entertainment
Card payment to CROMA - smart watch,Croma,Net Banking,expense,Shopping
IMPS/453127/Swiggy - instamart cleaning supplies,Swiggy,Credit Card,expense,Shopping
Cognizant Technology monthly salary,,Net Banking,income,Salary
POS 5730XXXX9447 AIR INDIA INDORE - travel insurance,Air India,Credit Card,expense,Travel
PAYTM-BIGBASKET-930691 - dessert,Bigbasket,Credit Card,expense,Food
Card payment to Passport Seva - annual fee,Passport Seva,Net Banking,expense,Other
REDBUS online order,RedBus,UPI,expense,Travel
UPI-upGrad-202900@okhdfcbank - tuition fee,,UPI,expense,Education
HCLTECHNOLOGIES dividend payout - freelance invoice payment,,Bank Transfer,income,Salary
BHIM UPI/1mg Tata/907191,,Net Banking,expense,Healthcare
UPI-Udemy-432123@okhdfcbank - coaching fee,,UPI,expense,Education
PAYTM-COURSERA-736322 - tuition fee,Coursera,Debit Card,expense,Education
DEBIT CARD PURCHASE Haldirams Sweets - dinner delivery,Haldirams Sweets,Credit Card,expense,Food
Card payment to Paytm Wallet - movie ticket booking,Paytm Wallet,Net Banking,expense,Entertainment
IMPS/192662/Reliance Digital,,Credit Card,expense,Shopping
Croma Retail online order,Croma Retail,Debit Card,expense,Shopping
IRCTCRAILCON NOIDA - hotel stay,,Credit Card,expense,Travel
UPI/Urban Company/463082/Payment,Urban Company,Debit Card,expense,Other
PAYTM-Myntra-163514,Myntra,Net Banking,expense,Shopping
IMPS CR 269026 Wipro Ltd,Wipro Ltd,Net Banking,income,Salary
Urban Company - donation,Urban Company,Net Banking,expense,Other
NEFT DR ROYAL AUTO SERVICE 711924 - parking fee,Royal Auto Service,UPI,expense,Transport
POS 4936XXXX9597 NESTAWAY RENT MUMBAI - flat rent,Nestaway Rent,Bank Transfer,expense,Rent
UPI-Indian Oil-212188@okhdfcbank,Indian Oil,Debit Card,expense,Transport
UPI-Zee5-646962@okhdfcbank,Zee5,UPI,expense,Entertainment
BHIM UPI/Zoomcar/388462,Zoomcar,Net Banking,expense,Transport
IMPS/114616/MUNICIPALTA,Municipal Tax,Cash,expense,Other
NEFT DR UNACADEMY 882654 - workshop registration,Unacademy,Debit Card,expense,Education
Card payment to ICICI Prudential SIP - mutual fund purchase,,Bank Transfer,expense,Investments
UPI/Amazon India/613981/Payment,Amazon India,Debit Card,expense,Entertainment
NEFT DR BESCOM ELECTRICITY 298654 - water bill,BESCOM Electricity,Net Banking,expense,Bills
POS 4943XXXX1343 ZERODHA KITE NOIDA - nps contribution,Zerodha Kite,Bank Transfer,expense,Investments
NEFT DR YOUTUBE PREMIUM 493497 - audiobook,,Credit Card,expense,Entertainment
POS 5371XXXX3762 DONATION GIVEINDIA PUNE - annual fee,Donation GiveIndia,Cash,expense,Other
IMPS/603851/DMART,DMart,Credit Card,expense,Shopping
BHIM UPI/INDIANOIL/784988 - highway convenience store snacks,Indian Oil,Debit Card,expense,Food
UPI/Coursera/598225/Payment - workshop registration,Coursera,Credit Card,expense,Education
Reliance Digital CHENNAI - dth recharge,,UPI,expense,Bills
UPI-RELIANCE-756585@okhdfcbank,Reliance Digital,Debit Card,expense,Bills
IMPS/522073/Mahanagar Gas,Mahanagar Gas,Auto Debit,expense,Bills
Card payment to Duolingo Plus - course fee,Duolingo Plus,Debit Card,expense,Education
Croma online order,Croma,Debit Card,expense,Education
Card payment to HDFCBANK,HDFC Bank,Net Banking,expense,Bills
POS 4972XXXX7398 MUNICIPAL TAX KOLKATA - donation,Municipal Tax,UPI,expense,Other
NEFT DR BOOKMYSHOW 183127 - out of town event booking,BookMyShow,Credit Card,expense,Travel
INDIANOIL MUMBAI,Indian Oil,Debit Card,expense,Food
PAYTM-Westside-404199 - furniture,,Debit Card,expense,Shopping
Indian Oil,Indian Oil,UPI,expense,Transport
POS 4932XXXX7799 LOCKSMITH SERVICE PUNE - bank charges,Locksmith Service,Cash,expense,Other
HDFC Bank GURUGRAM,HDFC Bank,UPI,expense,Bills
NEFT DR DMART 173950 - vegetables and staples,DMart,UPI,expense,Food
UPI-YouTube Premium-218748@okhdfcbank - game purchase,YouTube Premium,UPI,expense,Entertainment
BookMyShow HYDERABAD - stand up comedy show,BookMyShow,Net Banking,expense,Entertainment
POS 4477XXXX8744 LANDLORD RENT TRANSFER MUMBAI - monthly house rent,,Bank Transfer,expense,Rent
PAYTM-Royal Auto Service-198392 - bus pass,Royal Auto Service,UPI,expense,Transport
BESCOMELECTRIC PUNE - electricity bill,BESCOM Electricity,Credit Card,expense,Bills
PVRCINEMAS KOCHI - audiobook,PVR Cinemas,Debit Card,expense,Entertainment
BHIM UPI/Urban Company/614950 - salon and wellness at home,Urban Company,Net Banking,expense,Healthcare
POS 4178XXXX8805 PROPERTY RENT KOLKATA,Property Rent,UPI,expense,Rent
PHARMEASY online order,PharmEasy,UPI,expense,Healthcare
Card payment to National Pension Scheme,National Pension Scheme,Bank Transfer,expense,Investments
Landlord Rent Transfer online order,Landlord Rent Transfer,Net Banking,expense,Rent
Bharat Petroleum online order - toll recharge,Bharat Petroleum,Credit Card,expense,Transport
Urban Company JAIPUR,Urban Company,Net Banking,expense,Other
PAYTM-Blu Smart-438036 - petrol,Blu Smart,Credit Card,expense,Transport
PAYTM-upGrad-590670,upGrad,UPI,expense,Education
Card payment to Thyrocare - physiotherapy session,,Debit Card,expense,Healthcare
NoBroker Pay online order,NoBroker Pay,Bank Transfer,expense,Rent
Paytm Wallet,Paytm Wallet,Debit Card,expense,Bills
BHIM UPI/Scaler Academy/821187 - tuition fee,Scaler Academy,Debit Card,expense,Education
Amazon India online order - prime membership renewal,,UPI,expense,Entertainment
DEBIT CARD PURCHASE Reliance Digital,Reliance Digital,Debit Card,expense,Bills
Paytm Wallet INDORE - event booking,,UPI,expense,Entertainment
Cognizant Technology monthly salary - salary for september,,Net Banking,income,Salary
BHIM UPI/Goibibo/568611 - flight booking,Goibibo,Debit Card,expense,Travel
UPI-Reliance Digital-981024@okhdfcbank,Reliance Digital,Credit Card,expense,Shopping
Cafe Coffee Day online order,Cafe Coffee Day,Debit Card,expense,Food
BHIM UPI/Croma Retail/478975,Croma Retail,Credit Card,expense,Shopping
H&MINDIA online order - electronics order,H&M India,Credit Card,expense,Shopping
UPI/Zerodha Kite/717774/Payment - gold bond purchase,Zerodha Kite,Bank Transfer,expense,Investments
Urban Company,,Credit Card,expense,Healthcare
IMPS/854861/IndiGo Airlines,IndiGo Airlines,Debit Card,expense,Travel
Indian Oil,Indian Oil,Credit Card,expense,Transport
IKEA India online order,,Debit Card,expense,Shopping
CAMBRIDGEASSE online order - textbooks,Cambridge Assessment,Net Banking,expense,Education
NEFT DR CROSSWORD BOOKSTORE 353286 - workshop registration,Crossword Bookstore,Net Banking,expense,Education
POS 4942XXXX4449 AIRND INDORE - hotel stay,,Debit Card,expense,Travel
GOIBIBO online order - weekend trip,,Net Banking,expense,Travel
BHIM UPI/ICICI Prudential SIP/247814,ICICI Prudential SIP,Net Banking,expense,Investments
UPI/Indane Gas/176207/Payment - piped gas bill,,Auto Debit,expense,Bills
BookMyShow HYDERABAD,BookMyShow,Net Banking,expense,Entertainment
DMart online order,DMart,UPI,expense,Food
UPI/OYO Rooms/616632/Payment,OYO Rooms,Debit Card,expense,Travel
NEFT DR LANDLORD RENT TRANSFER 381965 - rent via nobroker,Landlord Rent Transfer,Net Banking,expense,Rent
Card payment to Dr Lal PathLabs - doctor consultation,Dr Lal PathLabs,Credit Card,expense,Healthcare
SALARY CREDIT DELTTND 886181 - salary for september,Deloitte India,Bank Transfer,income,Salary
PAYTM-NoBroker Pay-666577 - rent via nobroker,NoBroker Pay,Bank Transfer,expense,Rent
PAYTM-Landlord Rent Transfer-871577 - pg rent,Landlord Rent Transfer,Bank Transfer,expense,Rent
Practo Consultation - dental visit,,Net Banking,expense,Healthcare
UPI-Spotify India-255624@okhdfcbank,Spotify India,UPI,expense,Entertainment
NEFT DR STANZA LIVING 107965 - flat rent,Stanza Living,UPI,expense,Rent
Card payment to Royal Auto Service - airport drop,Royal Auto Service,Net Banking,expense,Transport
POS 4377XXXX2974 INDIAN OIL JAIPUR - fuel topup,Indian Oil,Credit Card,expense,Transport
POS 5037XXXX6623 BOOKMYSHOW HYDERABAD - concert,,Credit Card,expense,Entertainment
PAYTM-APPLMSC-292770,Apple Music,Debit Card,expense,Entertainment
POS 4479XXXX2792 PAYTMMONEY HYDERABAD,Paytm Money,Net Banking,expense,Investments
BHIM UPI/Boat Lifestyle/210965,Boat Lifestyle,UPI,expense,Shopping
BHIM UPI/Wellness Forever/746508 - eye checkup,,UPI,expense,Healthcare
DEBIT CARD PURCHASE National Pension Scheme - nps contribution,National Pension Scheme,Net Banking,expense,Investments
BHIM UPI/RedBus/964357,RedBus,Debit Card,expense,Travel
IMPS/429127/Apollo Pharmacy - dental visit,Apollo Pharmacy,UPI,expense,Healthcare
Ola Cabs,Ola Cabs,UPI,expense,Transport
HDFC Mutual Fund - index fund investment,HDFC Mutual Fund,Auto Debit,expense,Investments
DEBIT CARD PURCHASE BookMyShow,BookMyShow,Debit Card,expense,Travel
PAYTM-Property Rent-599855,Property Rent,UPI,expense,Rent
NEFT DR UPSTOX 747971 - ppf contribution,Upstox,Net Banking,expense,Investments
Croma,Croma,Debit Card,expense,Shopping
NEFT DR LENSKART 615307,Lenskart,Credit Card,expense,Shopping
BHIM UPI/Apple Music/381593,Apple Music,Debit Card,expense,Entertainment
BHIM UPI/Apollo Pharmacy/325620 - toiletries and cosmetics,Apollo Pharmacy,Debit Card,expense,Shopping
PAYTM-INOX Movies-345379 - music subscription,INOX Movies,Debit Card,expense,Entertainment
Card payment to SBMTLFND - gold bond purchase,SBI Mutual Fund,Auto Debit,expense,Investments
ACH CR RAZORPAY SOFTWARE PAYROLL - net pay,,Bank Transfer,income,Salary
CREDIT INTEREST ZOHCRP - monthly remuneration,Zoho Corp,Bank Transfer,income,Salary
Society Maintenance online order - insurance premium,,UPI,expense,Bills
NEFT DR POST OFFICE 964193 - home service,Post Office,UPI,expense,Other
Card payment to Adani Electricity - piped gas bill,,Auto Debit,expense,Bills
PAYTM-House Rent Payment-242314,,Bank Transfer,expense,Rent
UPI-MANPLHSPTL-624853@okhdfcbank,Manipal Hospital,Debit Card,expense,Healthcare
Delhi Metro Rail - office commute,Delhi Metro Rail,UPI,expense,Transport
NEFT DR PHARMEASY 561804,,Net Banking,expense,Healthcare
Dr Lal PathLabs HYDERABAD - vitamins order,Dr Lal PathLabs,Credit Card,expense,Healthcare
Nippon India SIP KOCHI - gold bond purchase,Nippon India SIP,Net Banking,expense,Investments
NEFT DR NAMMA METRO 342508,Namma Metro,Credit Card,expense,Transport
AMZNND - pantry staples order,Amazon India,UPI,expense,Food
Card payment to ACT Fibernet - postpaid bill,ACT Fibernet,Auto Debit,expense,Bills
Cult Fit online order,Cult Fit,Credit Card,expense,Healthcare
POS 5143XXXX7389 LANDLORD RENT TRANSFER INDORE,Landlord Rent Transfer,UPI,expense,Rent
PAYTM-DMart-578289 - kitchenware purchase,DMart,Net Banking,expense,Shopping
BHIM UPI/Bank Service Charge/168170 - courier charges,,UPI,expense,Other
BHIM UPI/YULUBIKE/884683 - fuel refill,,Credit Card,expense,Transport
UPI-Meesho-901833@okhdfcbank,Meesho,Net Banking,expense,Shopping
BHIM UPI/RedBus/833064 - travel insurance,RedBus,UPI,expense,Travel
POS 5205XXXX2165 PARK PLUS PARKING JAIPUR,,Credit Card,expense,Transport
IMPS/581871/BWSSB Water - electricity bill,BWSSB Water,Net Banking,expense,Bills
Bigbasket,Bigbasket,Net Banking,expense,Food
IMPS/554086/Delhi Metro Rail - auto ride,Delhi Metro Rail,Net Banking,expense,Transport
ZOLOSTAYS online order - pg rent,Zolo Stays,UPI,expense,Rent
DEBIT CARD PURCHASE Pepperfry - accessories,Pepperfry,Net Banking,expense,Shopping
Swiggy online order - instamart household items,Swiggy,UPI,expense,Shopping
NEFT DR CHAAYOS 888570 - coffee,Chaayos,Debit Card,expense,Food
UPI/BLINKIT/394589/Payment,Blinkit,UPI,expense,Food
Air India online order - flight booking,,Net Banking,expense,Travel
Card payment to Zara India - online purchase,Zara India,UPI,expense,Shopping
House Rent Payment MUMBAI - flat rent,House Rent Payment,Net Banking,expense,Rent
UPI/DECATHLON/220061/Payment,Decathlon,Credit Card,expense,Shopping
Treebo Hotels,Treebo Hotels,Net Banking,expense,Travel
BOOKMYSHOW online order - stand up comedy show,BookMyShow,Net Banking,expense,Entertainment
PAYTM-Colive Rent-585542 - apartment rent,Colive Rent,Bank Transfer,expense,Rent
UPI/Nestaway Rent/724170/Payment,Nestaway Rent,UPI,expense,Rent
HDFC Bank online order - loan emi debit,HDFC Bank,Debit Card,expense,Bills
NEFT CR COGNIZANT TECHNOLOGY SALARY,Cognizant Technology,Net Banking,income,Salary
Card payment to Udemy,Udemy,Debit Card,expense,Education
PAYTM-Thyrocare-996683 - health checkup,Thyrocare,Net Banking,expense,Healthcare
Card payment to Colive Rent,Colive Rent,UPI,expense,Rent
UPI-Rapido-108289@okhdfcbank,,Net Banking,expense,Transport
Card payment to Swiggy - dinner delivery,,Debit Card,expense,Food
PharmEasy INDORE,PharmEasy,Debit Card,expense,Healthcare
NEFT DR CHEQUE PAYMENT 745683 - cash withdrawal,Cheque Payment,Net Banking,expense,Other
Card payment to Indian Oil - highway convenience store snacks,Indian Oil,Net Banking,expense,Food
HDFCBANK KOCHI,HDFC Bank,Net Banking,expense,Investments
PAYTM-Donation GiveIndia-541583 - bank charges,Donation GiveIndia,Debit Card,expense,Other
Urban Company,Urban Company,UPI,expense,Healthcare
POS 5645XXXX5016 STANZA LIVING KOCHI,Stanza Living,Net Banking,expense,Rent
Reliance Digital - footwear,Reliance Digital,Net Banking,expense,Shopping
APOLLOPHARMACY - prescription medicines,Apollo Pharmacy,Credit Card,expense,Healthcare
POS 4714XXXX7000 PEPPERFRY BENGALURU - kitchen appliance,Pepperfry,Net Banking,expense,Shopping
BHIM UPI/Paytm Wallet/986661 - metro card recharge,Paytm Wallet,Net Banking,expense,Transport
BHIM UPI/Starbucks Coffee/298380,Starbucks Coffee,Debit Card,expense,Food
BHIM UPI/IndiGo Airlines/252187,IndiGo Airlines,UPI,expense,Travel
Card payment to COURSERA,Coursera,Debit Card,expense,Education
NEFT DR NESTAWAY 503536 - monthly house rent,,Net Banking,expense,Rent
POS 4469XXXX8534 LOCKSMITH SERVICE MUMBAI - unclassified spend,Locksmith Service,Cash,expense,Other
DEBIT CARD PURCHASE Indian Oil - highway convenience store snacks,Indian Oil,Net Banking,expense,Food
Goibibo online order,Goibibo,Debit Card,expense,Travel
POS 5007XXXX7201 SHOPPERS STOP GURUGRAM,Shoppers Stop,UPI,expense,Shopping
UPI/Fortis Healthcare/375704/Payment - vitamins order,Fortis Healthcare,Debit Card,expense,Healthcare
PAYTM-Reliance Fresh-329159,Reliance Fresh,Net Banking,expense,Food
Miscellaneous Payment,Miscellaneous Payment,Net Banking,expense,Other
POS 5617XXXX1925 PRACTOCONSULTATION NOIDA - vitamins order,Practo Consultation,Debit Card,expense,Healthcare
POS 5672XXXX8555 AMAZON INDIA KOLKATA - order for home goods,Amazon India,Credit Card,expense,Shopping
Card payment to BHARATPETR - bus pass,Bharat Petroleum,Net Banking,expense,Transport
NEFT DR INOX MOVIES 691356 - music subscription,INOX Movies,Auto Debit,expense,Entertainment
UPI-BookMyShow-372893@okhdfcbank,BookMyShow,Credit Card,expense,Entertainment
UPI-House Rent Payment-320486@okhdfcbank,House Rent Payment,UPI,expense,Rent
BHIM UPI/NoBroker Pay/731051,NoBroker Pay,Bank Transfer,expense,Rent
Card payment to Fortis Healthcare,Fortis Healthcare,UPI,expense,Healthcare
NEFT DR COLIVE RENT 785388 - co-living rent,Colive Rent,UPI,expense,Rent
DEBIT CARD PURCHASE Wellness Forever - physiotherapy session,Wellness Forever,Credit Card,expense,Healthcare
NEFT DR SWIGGY INSTAMART 317811 - coffee,Swiggy Instamart,Net Banking,expense,Food
PAYTM-CHQPYMNT-489262,Cheque Payment,Cash,expense,Other
Max Healthcare KOCHI,,Credit Card,expense,Healthcare
DEBIT CARD PURCHASE Reliance Digital - laptop purchase,Reliance Digital,Debit Card,expense,Shopping
NEFT DR DOMINOS PIZZA 609039 - breakfast order,,UPI,expense,Food
LIC Premium online order,,Auto Debit,expense,Bills
Cash Withdrawal ATM JAIPUR - donation,Cash Withdrawal ATM,Debit Card,expense,Other
Bigbasket CHENNAI - restaurant bill,Bigbasket,UPI,expense,Food
UPI/HDFC Mutual Fund/537957/Payment,HDFC Mutual Fund,Bank Transfer,expense,Investments
PAYTM-HDFC Bank-407911,HDFC Bank,Net Banking,expense,Investments
Card payment to CLEARTRIP,Cleartrip,UPI,expense,Travel
UPI/NGO Contribution/340760/Payment - donation,NGO Contribution,Debit Card,expense,Other
DMart KOCHI,,Net Banking,expense,Food
Card payment to Dr Lal PathLabs - physiotherapy session,Dr Lal PathLabs,Credit Card,expense,Healthcare
BHIM UPI/Titan World/672525,Titan World,Debit Card,expense,Shopping
Card payment to Sony LIV - movie tickets,Sony LIV,Auto Debit,expense,Entertainment
Paytm Wallet KOLKATA - dth bill,,UPI,expense,Bills
UPI-Air India-199639@okhdfcbank - travel insurance,Air India,UPI,expense,Travel
Card payment to IKND - online purchase,IKEA India,Credit Card,expense,Shopping
IMPS CR 252009 HCL Technologies,HCL Technologies,Bank Transfer,income,Salary
IMPS/720299/Cash Withdrawal ATM - cash withdrawal,Cash Withdrawal ATM,Cash,expense,Other
POS 5960XXXX1087 EASEMYTRIP JAIPUR,EaseMyTrip,Net Banking,expense,Travel
BHARATGAS - utility payment,Bharat Gas,UPI,expense,Bills
NEFT DR AMAZON INDIA 878145,,UPI,expense,Food
BHIM UPI/Pepperfry/731974 - footwear,Pepperfry,Credit Card,expense,Shopping
PAYTM-Yulu Bikes-684049,Yulu Bikes,UPI,expense,Transport
Naturals Ice Cream DELHI,,UPI,expense,Food
NEFT DR BOOKMYSHOW 462020 - music subscription,,Credit Card,expense,Entertainment
POS 4451XXXX7667 AXIS BLUECHIP SIP CHENNAI - nps contribution,Axis Bluechip SIP,UPI,expense,Investments
BHIM UPI/Delhi Metro Rail/297420 - petrol,Delhi Metro Rail,Net Banking,expense,Transport
COURSERA online order,Coursera,UPI,expense,Education
APOLLOPHARMACY - first aid,Apollo Pharmacy,Debit Card,expense,Healthcare
POS 4971XXXX3998 MUNICIPAL TAX KOCHI - bank charges,Municipal Tax,UPI,expense,Other
DEBIT CARD PURCHASE Cleartrip - holiday package,Cleartrip,Credit Card,expense,Travel
DEBIT CARD PURCHASE Steam Games,Steam Games,Debit Card,expense,Entertainment
Swiggy Bundl Technologies dividend payout - monthly remuneration,Swiggy Bundl Technologies,Net Banking,income,Salary
Card payment to NoBroker Pay,NoBroker Pay,Bank Transfer,expense,Rent
NEFT DR UPGRAD 259110,upGrad,Net Banking,expense,Education
PAYTM-Zepto-424212 - team lunch,Zepto,Net Banking,expense,Food
Card payment to ZARAINDI,,UPI,expense,Shopping
HDFC Bank online order - loan emi debit,HDFC Bank,UPI,expense,Bills
Nestaway Rent NOIDA,Nestaway Rent,Net Banking,expense,Rent
POS 5420XXXX8930 MUNICIPALTAX KOLKATA - bank charges,Municipal Tax,Net Banking,expense,Other
BHIM UPI/Westside/858060 - electronics order,Westside,UPI,expense,Shopping
INDIAN BENGALURU - highway convenience store snacks,Indian Oil,Debit Card,expense,Food
POS 5449XXXX6867 INOX MOVIES MUMBAI - music subscription,INOX Movies,UPI,expense,Entertainment
Card payment to Vistara,Vistara,Credit Card,expense,Travel
Card payment to ADANIELE,Adani Electricity,UPI,expense,Bills
MAXHEALTHCARE online order - dental visit,,Debit Card,expense,Healthcare
DEBIT CARD PURCHASE Duolingo Plus - tuition fee,Duolingo Plus,Debit Card,expense,Education
House Rent Payment online order - flat rent,House Rent Payment,Bank Transfer,expense,Rent
PAYTM-OYO Rooms-332993 - hotel stay,OYO Rooms,Net Banking,expense,Travel
IMPS/921280/Post Office,Post Office,UPI,expense,Other
BookMyShow NOIDA - out of town event booking,BookMyShow,Net Banking,expense,Travel
HCL Technologies monthly salary - monthly remuneration,HCL Technologies,Bank Transfer,income,Salary
UPI/YATRNLN/773398/Payment - travel insurance,Yatra Online,Credit Card,expense,Travel
PAYTM-Landlord Rent Transfer-758601 - pg rent,,Bank Transfer,expense,Rent
UPI-Uber India-719836@okhdfcbank,Uber India,Net Banking,expense,Transport
BHIM UPI/DMRT/255653 - monthly groceries,DMart,Credit Card,expense,Food
Card payment to Croma - smart watch,Croma,Credit Card,expense,Shopping
Card payment to ZEE5 - monthly plan,Zee5,UPI,expense,Entertainment
BHIM UPI/Great Learning/217332,Great Learning,Debit Card,expense,Education
Indian Oil HYDERABAD - fuel topup,Indian Oil,Debit Card,expense,Transport
POS 4854XXXX7314 CAFE COFFEE DAY PUNE,Cafe Coffee Day,Credit Card,expense,Food
PAYTM-Wow Momo-294920 - dinner delivery,Wow Momo,Debit Card,expense,Food
CULTFT,Cult Fit,UPI,expense,Healthcare
UPI/Croma/892228/Payment - headphones,Croma,UPI,expense,Shopping
NEFT CR COGNIZANT TECHNOLOGY SALARY - freelance invoice payment,Cognizant Technology,Bank Transfer,income,Salary
PAYTM-Colive Rent-348912 - flat rent,Colive Rent,Bank Transfer,expense,Rent
BHIM UPI/IRCTC Rail Connect/140769,,Net Banking,expense,Travel
DEBIT CARD PURCHASE Reliance Digital,Reliance Digital,Net Banking,expense,Bills
DMart Grocery online order,DMart Grocery,Net Banking,expense,Food
Property Rent online order,Property Rent,Net Banking,expense,Rent
UPI/MakeMyTrip/870631/Payment - bus booking,MakeMyTrip,Net Banking,expense,Travel
DEBIT CARD PURCHASE TATAPOWER - maintenance charges,Tata Power,Auto Debit,expense,Bills
Card payment to Ola Cabs,Ola Cabs,Net Banking,expense,Transport
IMPS/682677/CROMA,Croma,Credit Card,expense,Shopping
Paytm Wallet online order - dth bill,Paytm Wallet,Debit Card,expense,Bills
NEFT DR LOCKSMITH SERVICE 668110 - penalty payment,Locksmith Service,Cash,expense,Other
UPI-MakeMyTrip-458882@okhdfcbank - holiday package,MakeMyTrip,Debit Card,expense,Travel
Swiggy online order - instamart household items,Swiggy,Debit Card,expense,Shopping
NEFT DR BOATLIFESTYLE 311046,Boat Lifestyle,Debit Card,expense,Shopping
DEBIT CARD PURCHASE Rapido - cab ride,Rapido,Credit Card,expense,Transport
Card payment to Titan World - online purchase,Titan World,UPI,expense,Shopping
BookMyShow online order - stand up comedy show,BookMyShow,Debit Card,expense,Entertainment
UPI/Cheque Payment/460818/Payment - home service,Cheque Payment,Net Banking,expense,Other
Shoppers Stop - electronics order,Shoppers Stop,Net Banking,expense,Shopping
Shell Fuel Station CHENNAI,Shell Fuel Station,UPI,expense,Transport
IMPS/806668/Practo Consultation - dental visit,Practo Consultation,Net Banking,expense,Healthcare
Blinkit NOIDA - groceries in ten minutes,,UPI,expense,Food
POS 4887XXXX1205 COURSERA JAIPUR,Coursera,UPI,expense,Education
PAYTM-Practo Consultation-310378,Practo Consultation,Credit Card,expense,Healthcare
IMPS CR 777137 Flipkart Internet - freelance invoice payment,Flipkart Internet,Bank Transfer,income,Salary
DEBIT CARD PURCHASE MEDPLUS - lab test,MedPlus,Credit Card,expense,Healthcare
IMPS/435886/DUOLINGO,Duolingo Plus,Net Banking,expense,Education
POS 4365XXXX9031 FORTIS HEALTHCARE MUMBAI - gym membership,,Debit Card,expense,Healthcare
DEBIT CARD PURCHASE BookMyShow - subscription renewal,,Debit Card,expense,Entertainment
DEBIT CARD PURCHASE Amazon India,Amazon India,UPI,expense,Food
INDIANOIL NOIDA - diesel refill,Indian Oil,Debit Card,expense,Transport
UPI-Netflix-141408@okhdfcbank - audiobook,Netflix,Auto Debit,expense,Entertainment
Card payment to Unacademy,,UPI,expense,Education
DEBIT CARD PURCHASE Zolo Stays,Zolo Stays,Bank Transfer,expense,Rent
IMPS/179187/Blinkit - sanitiser and masks,Blinkit,Debit Card,expense,Healthcare
DMART - monthly groceries,DMart,Credit Card,expense,Food
Card payment to Scaler Academy - semester fee,Scaler Academy,Credit Card,expense,Education
NETMEDS online order - doctor consultation,,Debit Card,expense,Healthcare
ACH CR SWIGGYBUN PAYROLL - freelance invoice payment,Swiggy Bundl Technologies,Net Banking,income,Salary
Landlord Rent Transfer BENGALURU,Landlord Rent Transfer,Net Banking,expense,Rent
BANKSERVICECHARGE - misc payment,Bank Service Charge,Net Banking,expense,Other
URBANCOMPANY - appliance repair,,Net Banking,expense,Other
DEBIT CARD PURCHASE Clove Dental,Clove Dental,UPI,expense,Healthcare
NEFT CR ZOHO CORP SALARY,Zoho Corp,Bank Transfer,income,Salary
PAYTM-Croma Retail-655560 - furniture,Croma Retail,Debit Card,expense,Shopping
IMPS/355774/Groww Invest,Groww Invest,Bank Transfer,expense,Investments
NEFT DR INOX MOVIES 933301 - annual plan,INOX Movies,UPI,expense,Entertainment
Blinkit online order,Blinkit,Debit Card,expense,Food
NEFT CR SWIGGY BUNDL TECHNOLOGIES SALARY,Swiggy Bundl Technologies,Net Banking,income,Salary
Spotify India JAIPUR - streaming plan,Spotify India,UPI,expense,Entertainment
POS 5360XXXX5540 CHEQUE PAYMENT JAIPUR,Cheque Payment,Net Banking,expense,Other
IMPS/518702/HDFC Bank - annual card fee,,Net Banking,expense,Other
UPI/AMZNND/893316/Payment - textbook order,Amazon India,UPI,expense,Education
Card payment to WESTSIDE - accessories,Westside,UPI,expense,Shopping
Dr Lal PathLabs - eye checkup,Dr Lal PathLabs,Net Banking,expense,Healthcare
NEFT CR DELOITTE INDIA SALARY,Deloitte India,Net Banking,income,Salary
SALARY CREDIT FRSHWRKSNC 536360,Freshworks Inc,Bank Transfer,income,Salary
Cognizant Technology dividend payout,Cognizant Technology,Net Banking,income,Salary
HDFC Bank - service charge,,Credit Card,expense,Other
NEFT DR AMAZON INDIA 951958 - exam guide,Amazon India,Net Banking,expense,Education
Manipal Hospital - medicines,Manipal Hospital,Net Banking,expense,Healthcare
BHIM UPI/Yatra Online/516204 - holiday package,Yatra Online,UPI,expense,Travel
DEBIT CARD PURCHASE Swiggy - instamart household items,Swiggy,Net Banking,expense,Shopping
Razorpay Software dividend payout,Razorpay Software,Bank Transfer,income,Salary
UPI/BURGER/371271/Payment,Burger King,Net Banking,expense,Food
IMPS/263286/Steam Games,Steam Games,Auto Debit,expense,Entertainment
BHIM UPI/Jio Fiber/322004 - maintenance charges,,Credit Card,expense,Bills
UPI-MAXHEALTHCAR-408502@okhdfcbank - gym membership,Max Healthcare,UPI,expense,Healthcare
NEFT DR BOOKMYSHOW 342366 - event travel package,BookMyShow,Debit Card,expense,Travel
CREDIT INTEREST Cognizant Technology - consulting retainer,Cognizant Technology,Net Banking,income,Salary
Card payment to UPSTX - gold bond purchase,Upstox,Net Banking,expense,Investments
UPI-Groww Invest-318936@okhdfcbank - index fund investment,,UPI,expense,Investments
UPI-Max Healthcare-530881@okhdfcbank - dental visit,Max Healthcare,Debit Card,expense,Healthcare
UPI/Reliance Fresh/317527/Payment,Reliance Fresh,Debit Card,expense,Food
UPI/Bank Service Charge/114937/Payment - annual fee,,UPI,expense,Other
PAYTM-BookMyShow-848238 - event travel package,BookMyShow,Net Banking,expense,Travel
UPI/Nykaa/338252/Payment - clothing order,,UPI,expense,Shopping
UPI/Public Provident Fund/597816/Payment,,Auto Debit,expense,Investments
Card payment to NETFLX - annual plan,Netflix,Auto Debit,expense,Entertainment
BHIM UPI/Society Maintenance/404315 - water bill,Society Maintenance,Net Banking,expense,Bills
Card payment to Barbeque Nation - breakfast order,Barbeque Nation,Credit Card,expense,Food
NEFT DR ADANI ELECTRICITY 811537,,Net Banking,expense,Bills
UPI/Donation GiveIndia/116580/Payment - courier charges,Donation GiveIndia,Cash,expense,Other
Steam Games online order,Steam Games,Debit Card,expense,Entertainment
NEFT DR URBAN COMPANY 429996 - salon and wellness at home,,UPI,expense,Healthcare
NETFLIX online order - monthly plan,,UPI,expense,Entertainment
IMPS/588307/House Rent Payment - flat rent,House Rent Payment,Net Banking,expense,Rent
Apple Music online order,Apple Music,UPI,expense,Entertainment
BHIM UPI/Apollo Pharmacy/550935,Apollo Pharmacy,UPI,expense,Healthcare
MSEDCL Power JAIPUR - maintenance charges,MSEDCL Power,Auto Debit,expense,Bills
BHIM UPI/Coursera/502171 - subscription for learning,Coursera,UPI,expense,Education
COGNZNTTCHNLGY dividend payout - freelance invoice payment,Cognizant Technology,Bank Transfer,income,Salary
NEFT DR URBAN COMPANY 266838 - home service,Urban Company,Cash,expense,Other
RedBus online order - bus booking,RedBus,Net Banking,expense,Travel
IMPS CR 388260 Cognizant Technology - salary for september,Cognizant Technology,Bank Transfer,income,Salary
POS 4438XXXX4380 INDMONEY KOCHI - equity purchase,INDmoney,Bank Transfer,expense,Investments
CREDIT INTEREST Tata Consultancy Services - consulting retainer,Tata Consultancy Services,Bank Transfer,income,Salary
Yatra Online online order - visa fee,Yatra Online,Credit Card,expense,Travel
DEBIT CARD PURCHASE BookMyShow - audiobook,BookMyShow,Credit Card,expense,Entertainment
IMPS/504313/Swiggy - restaurant order,Swiggy,Net Banking,expense,Food
INOXMOVIES - music subscription,INOX Movies,Debit Card,expense,Entertainment
DEBIT CARD PURCHASE JioCinema,JioCinema,Debit Card,expense,Entertainment
Paytm Wallet online order,Paytm Wallet,UPI,expense,Bills
Park Plus Parking KOLKATA - bus pass,,UPI,expense,Transport
DEBIT CARD PURCHASE Nykaa,Nykaa,Debit Card,expense,Shopping
BMTCBUS,,Net Banking,expense,Transport
NEFT DR AXISBLUECH 367146,Axis Bluechip SIP,Net Banking,expense,Investments
UPI/APOLLOPHARMACY/466262/Payment,Apollo Pharmacy,Credit Card,expense,Healthcare
BHIM UPI/ACT Fibernet/560630 - postpaid bill,ACT Fibernet,Auto Debit,expense,Bills
IMPS/716238/BookMyShow - movie tickets,BookMyShow,Debit Card,expense,Entertainment
PAYTM-Ajio-232043,,Debit Card,expense,Shopping
Burger King online order,Burger King,Credit Card,expense,Food
POS 4847XXXX5537 DISNEY PLUS HOTSTAR GURUGRAM - subscription renewal,Disney Plus Hotstar,UPI,expense,Entertainment
BHIM UPI/Starbucks Coffee/431893,Starbucks Coffee,UPI,expense,Food
PAYTM-Passport Seva-683621 - unclassified spend,Passport Seva,Cash,expense,Other
POS 5613XXXX1877 CLEARTRIP MUMBAI,Cleartrip,Net Banking,expense,Travel
IMPS/807068/PVR Cinemas,PVR Cinemas,UPI,expense,Entertainment
IMPS/936020/Paytm Wallet - event booking,,Debit Card,expense,Entertainment
UPI/APLLPHRMCY/632346/Payment - toiletries and cosmetics,,Credit Card,expense,Shopping
UPI-DMart-779764@okhdfcbank - home essentials,DMart,Net Banking,expense,Shopping
Cafe Coffee Day online order - team lunch,,Credit Card,expense,Food
PAYTM-Jio Fiber-551384 - broadband bill,,Credit Card,expense,Bills
CAFECOFFEEDAY online order - lunch order,Cafe Coffee Day,Net Banking,expense,Food
DMART online order,DMart,UPI,expense,Shopping
BHIM UPI/Croma/474359 - tablet for online classes,Croma,Net Banking,expense,Education
IMPS/101889/Miscellaneous Payment - misc payment,Miscellaneous Payment,Cash,expense,Other
Croma online order - tablet for online classes,Croma,Debit Card,expense,Education
PAYTM-Jio Fiber-596051 - maintenance charges,Jio Fiber,Net Banking,expense,Bills
Card payment to Airtel Postpaid - electricity bill,Airtel Postpaid,Auto Debit,expense,Bills
Card payment to Wellness Forever - eye checkup,Wellness Forever,Credit Card,expense,Healthcare
UPI-Zolo Stays-552783@okhdfcbank,Zolo Stays,Net Banking,expense,Rent
SALARY CREDIT Deloitte India 460250 - monthly remuneration,,Net Banking,income,Salary
LIC Premium GURUGRAM - gas cylinder booking,LIC Premium,UPI,expense,Bills
Scaler Academy online order,Scaler Academy,UPI,expense,Education
NEFT DR DISNEY PLUS HOTSTAR 629091 - game purchase,Disney Plus Hotstar,UPI,expense,Entertainment
DEBIT CARD PURCHASE BookMyShow - movie tickets,BookMyShow,UPI,expense,Entertainment
UPI/NGO Contribution/303248/Payment - handyman,NGO Contribution,Debit Card,expense,Other
BHIM UPI/KFC India/751270 - food order,KFC India,UPI,expense,Food
NEFT DR STEAM GAMES 536517,Steam Games,Debit Card,expense,Entertainment
NEFT DR NETFLIX 832815 - concert tickets,Netflix,Credit Card,expense,Entertainment
YULUBIKES - metro recharge,Yulu Bikes,UPI,expense,Transport
Croma BENGALURU - e reader purchase,Croma,Credit Card,expense,Education
CREDIT INTEREST Zoho Corp - salary for september,Zoho Corp,Bank Transfer,income,Salary
UPI/APPLEMUSIC/232801/Payment - audiobook,,Auto Debit,expense,Entertainment
DEBIT CARD PURCHASE Apple Music - audiobook,Apple Music,UPI,expense,Entertainment
Card payment to Steam Games - concert tickets,Steam Games,Debit Card,expense,Entertainment
Deloitte India monthly salary - freelance invoice payment,Deloitte India,Net Banking,income,Salary
PAYTM-DMart-265702,DMart,Net Banking,expense,Food
UPI/Croma/516338/Payment - home appliance,Croma,Debit Card,expense,Shopping
DEBIT CARD PURCHASE DMRT - monthly groceries,DMart,Net Banking,expense,Food
Netflix NOIDA,Netflix,Credit Card,expense,Entertainment
POS 5185XXXX6549 HDFC BANK NOIDA - credit card bill payment,HDFC Bank,Debit Card,expense,Bills
Wellness Forever MUMBAI - physiotherapy session,Wellness Forever,Net Banking,expense,Healthcare
IMPS/954242/Adani Electricity - water bill,Adani Electricity,Credit Card,expense,Bills
OYO Rooms - resort booking,OYO Rooms,Net Banking,expense,Travel
Card payment to FAASOS - milk and eggs,,Credit Card,expense,Food
UPI-Shell Fuel Station-392335@okhdfcbank - bike rental,Shell Fuel Station,UPI,expense,Transport
UPI/Paytm Wallet/129891/Payment,Paytm Wallet,Credit Card,expense,Other
DEBIT CARD PURCHASE Yulu Bikes - bike rental,Yulu Bikes,Credit Card,expense,Transport
IMPS/772846/CLEARTRI - hotel stay,,Debit Card,expense,Travel
Card payment to Public Provident Fund - ppf contribution,Public Provident Fund,Net Banking,expense,Investments
UPI-Namma Metro-373448@okhdfcbank,Namma Metro,UPI,expense,Transport
POS 5125XXXX6595 POSTOFFICE NOIDA,Post Office,Cash,expense,Other
POS 5364XXXX5847 PUBLCPRVDNTFND HYDERABAD,,Net Banking,expense,Investments
UPI/NOBROKERPA/229076/Payment - monthly house rent,NoBroker Pay,UPI,expense,Rent
Card payment to Physics Wallah - semester fee,Physics Wallah,Credit Card,expense,Education
NEFT DR JIO FIBER 859907 - broadband bill,Jio Fiber,Credit Card,expense,Bills
UPI/HDFC Bank/944667/Payment - service charge,HDFC Bank,Debit Card,expense,Other
POS 5337XXXX3747 DECATHLON DELHI - gift purchase,Decathlon,UPI,expense,Shopping
DEBIT CARD PURCHASE Vodafone Idea - utility payment,Vodafone Idea,Auto Debit,expense,Bills
UPI-BHRTPTRLM-221240@okhdfcbank - airport drop,Bharat Petroleum,UPI,expense,Transport
POS 4541XXXX4314 HDFCBNK CHENNAI - credit card bill payment,HDFC Bank,Debit Card,expense,Bills
BHIM UPI/Apollo Pharmacy/472563,Apollo Pharmacy,UPI,expense,Healthcare
Decathlon - gift purchase,,UPI,expense,Shopping
NEFT DR AMAZON INDIA 370454,Amazon India,UPI,expense,Education
DEBIT CARD PURCHASE Property Rent - apartment rent,Property Rent,UPI,expense,Rent
PAYTM-Locksmith Service-653312 - unclassified spend,Locksmith Service,Net Banking,expense,Other
Card payment to Cleartrip,,UPI,expense,Travel
DMart - vegetables and staples,DMart,Net Banking,expense,Food
LIC Premium NOIDA - piped gas bill,LIC Premium,Net Banking,expense,Bills
UPI-Boat Lifestyle-431354@okhdfcbank - skincare order,Boat Lifestyle,Credit Card,expense,Shopping
Card payment to PAYTMWLLT,,Debit Card,expense,Other
PAYTM-CROSSWORDBOOKSTORE-380605,Crossword Bookstore,Credit Card,expense,Education
THBRM - snacks,Theobroma,Debit Card,expense,Food
Naturals Ice Cream online order,Naturals Ice Cream,UPI,expense,Food
IMPS/664304/Scaler Academy - workshop registration,Scaler Academy,Credit Card,expense,Education
UPI-YouTube Premium-169739@okhdfcbank - monthly plan,YouTube Premium,Credit Card,expense,Entertainment
POS 4092XXXX7561 INDIAN OIL CHENNAI - highway convenience store snacks,,Debit Card,expense,Food
IMPS/163617/Swiggy - instamart household items,Swiggy,Debit Card,expense,Shopping
UPI-GOIBIBO-334496@okhdfcbank,Goibibo,UPI,expense,Travel
Blinkit,Blinkit,UPI,expense,Food
NEFT CR ACCENTUREINDIA SALARY,Accenture India,Bank Transfer,income,Salary
NEFT DR AMAZON KINDLE BOOKS 999242 - tuition fee,,Net Banking,expense,Education
UPI/LOCKSMITH/553309/Payment - handyman,Locksmith Service,Debit Card,expense,Other
POS 5534XXXX9303 AJIO GURUGRAM - electronics order,Ajio,UPI,expense,Shopping
UPI-Croma-134549@okhdfcbank - smart watch,Croma,Debit Card,expense,Shopping
UPI-Burger King-468237@okhdfcbank - breakfast order,Burger King,Debit Card,expense,Food
NEFT DR TATA CLIQ 266930 - online purchase,Tata Cliq,Debit Card,expense,Shopping
NEFT DR MAHANAGAR GAS 780756,Mahanagar Gas,Credit Card,expense,Bills
NEFT DR AMAZON INDIA 245232 - apparel order,Amazon India,Net Banking,expense,Shopping
IMPS/187381/Zerodha Kite - recurring deposit,Zerodha Kite,Auto Debit,expense,Investments
UPI/Uber India/365188/Payment,,Credit Card,expense,Transport
DEBIT CARD PURCHASE Wellness Forever - gym membership,,Net Banking,expense,Healthcare
SWIGGY GURUGRAM - instamart household items,Swiggy,UPI,expense,Shopping
DMart - dairy items,DMart,UPI,expense,Food
Card payment to ZERDHKT,Zerodha Kite,UPI,expense,Investments
NEFT DR LOCKSMITH SERVICE 582965,Locksmith Service,UPI,expense,Other
UPI-Courier Bluedart-610792@okhdfcbank - annual fee,Courier Bluedart,Cash,expense,Other
Wipro Ltd dividend payout - monthly salary credit,Wipro Ltd,Net Banking,income,Salary
Card payment to Zee5 - game purchase,Zee5,Debit Card,expense,Entertainment
UPI-NIPPONINDIASIP-582770@okhdfcbank,Nippon India SIP,Net Banking,expense,Investments
Card payment to HDFC Bank - annual card fee,HDFC Bank,UPI,expense,Other
UPI-Vedantu-358512@okhdfcbank,Vedantu,UPI,expense,Education
Apollo Pharmacy - first aid,Apollo Pharmacy,UPI,expense,Healthcare
UPI/Swiggy/964038/Payment - dessert,Swiggy,Debit Card,expense,Food
SALARY CREDIT Tata Consultancy Services 312144 - payroll credit,,Net Banking,income,Salary
Axis Bluechip SIP KOCHI - recurring deposit,Axis Bluechip SIP,Bank Transfer,expense,Investments
Society Maintenance - mobile recharge,Society Maintenance,UPI,expense,Bills
BLU online order - petrol,Blu Smart,Net Banking,expense,Transport
IMPS/716399/Apollo Pharmacy,Apollo Pharmacy,UPI,expense,Healthcare
DEBIT CARD PURCHASE Swiggy - restaurant order,Swiggy,Debit Card,expense,Food
NEFT DR NETFLIX 973713,Netflix,UPI,expense,Entertainment
DEBIT CARD PURCHASE Wellness Forever - medicines,Wellness Forever,Credit Card,expense,Healthcare
PAYTM-MSEDCL Power-365309,MSEDCL Power,Auto Debit,expense,Bills
NEFT DR PHYSICS WALLAH 687200,Physics Wallah,Net Banking,expense,Education
BHIM UPI/Paytm Wallet/942770 - wallet topup,Paytm Wallet,Net Banking,expense,Other
Indane Gas - electricity bill,,Net Banking,expense,Bills
UPI-GREATLEARNI-136952@okhdfcbank - subscription for learning,Great Learning,UPI,expense,Education
POS 5822XXXX3028 RELIANCE DIGITAL NOIDA,,Credit Card,expense,Shopping
UPI-Urban Company-870806@okhdfcbank - annual fee,,Cash,expense,Other
UPI-HDFCBNK-279568@okhdfcbank - recurring deposit debit,HDFC Bank,Credit Card,expense,Investments
BHIM UPI/TRBHTLS/826898,Treebo Hotels,Net Banking,expense,Travel
Card payment to RELNCDGTL - mobile bill payment counter,Reliance Digital,Net Banking,expense,Bills
DEBIT CARD PURCHASE BYJUS Learning - certification exam,BYJUS Learning,Net Banking,expense,Education
ACH CR ZOHO CORP PAYROLL - salary for september,Zoho Corp,Bank Transfer,income,Salary
Mahanagar Gas - gas cylinder booking,Mahanagar Gas,Net Banking,expense,Bills
BHIM UPI/Colive Rent/430670 - apartment rent,Colive Rent,Bank Transfer,expense,Rent
Card payment to INDNL,Indian Oil,UPI,expense,Food
POS 5554XXXX1624 INDMONEY MUMBAI - index fund investment,INDmoney,Net Banking,expense,Investments
POS 5696XXXX1000 DMART PUNE,DMart,Debit Card,expense,Food
UPI/Naturals Ice Cream/260954/Payment,Naturals Ice Cream,Credit Card,expense,Food
BLINKIT online order,,UPI,expense,Healthcare
POS 5681XXXX6949 APOLLO PHARMACY KOLKATA - toiletries and cosmetics,Apollo Pharmacy,Credit Card,expense,Shopping
Boat Lifestyle - furniture,Boat Lifestyle,UPI,expense,Shopping
Urban Company CHENNAI - salon and wellness at home,Urban Company,Debit Card,expense,Healthcare
UPI/HP Petrol Pump/457361/Payment,HP Petrol Pump,Credit Card,expense,Transport
NEFT DR AIRBNBINDIA 563977 - train ticket,Airbnb India,UPI,expense,Travel
Practo Consultation - eye checkup,Practo Consultation,Debit Card,expense,Healthcare
PAYTM-YouTube Premium-792572,YouTube Premium,UPI,expense,Entertainment
Urban Company,Urban Company,Debit Card,expense,Other
DEBIT CARD PURCHASE HDFC Bank - service charge,HDFC Bank,Debit Card,expense,Other
NEFT DR INDIAN OIL PETROL PUMP 970737 - cab ride,Indian Oil Petrol Pump,UPI,expense,Transport
VODAFONE - mobile recharge,,Credit Card,expense,Bills
BHIM UPI/INDmoney/323897 - gold bond purchase,INDmoney,Bank Transfer,expense,Investments
Vedantu online order - online class,Vedantu,Credit Card,expense,Education
POS 5976XXXX4094 THEOBROMA GURUGRAM - milk and eggs,Theobroma,Credit Card,expense,Food
UPI/Unacademy/655626/Payment,Unacademy,UPI,expense,Education
UPI/INDmoney/375791/Payment,INDmoney,UPI,expense,Investments
NEFT DR SOCIETY MAINTENANCE 689324 - broadband bill,Society Maintenance,Auto Debit,expense,Bills
Paytm Money - sip installment,Paytm Money,UPI,expense,Investments
NEFT DR COURIER BLUEDART 456349 - government fee,Courier Bluedart,UPI,expense,Other
Unacademy online order,Unacademy,Debit Card,expense,Education
UPI-Amazon India-121599@okhdfcbank - footwear,Amazon India,Debit Card,expense,Shopping
IMPS/283680/Yulu Bikes,,Debit Card,expense,Transport
WOWMM online order - milk and eggs,Wow Momo,Credit Card,expense,Food
DEBIT CARD PURCHASE BookMyShow,BookMyShow,Net Banking,expense,Entertainment
NEFT DR SWIGGY 839220 - instamart household items,Swiggy,Net Banking,expense,Shopping
Landlord Rent Transfer - rent transfer,,UPI,expense,Rent
Card payment to Vedantu - textbooks,Vedantu,Net Banking,expense,Education
BHIM UPI/Ajio/290505,Ajio,Debit Card,expense,Shopping
Udemy online order - tuition fee,,Credit Card,expense,Education
BHIM UPI/NESTAWAY/459311,,Net Banking,expense,Rent
BHIM UPI/Amazon Kindle Books/795391 - workshop registration,Amazon Kindle Books,Net Banking,expense,Education
UPI/Ola Cabs/562425/Payment,Ola Cabs,Net Banking,expense,Transport
UPI-NGO Contribution-506993@okhdfcbank,NGO Contribution,UPI,expense,Other
UPI/INOX Movies/646791/Payment - concert tickets,INOX Movies,Credit Card,expense,Entertainment
DEBIT CARD PURCHASE NGO Contribution - unclassified spend,,UPI,expense,Other
UPI/APOLLOPHA/437397/Payment,Apollo Pharmacy,Debit Card,expense,Healthcare
BHIM UPI/Faasos/161659,Faasos,Net Banking,expense,Food
NEFT DR SBI MUTUAL FUND 512608,,UPI,expense,Investments
BHIM UPI/Cambridge Assessment/821977 - online class,Cambridge Assessment,Net Banking,expense,Education
POS 4198XXXX5350 DONATION GIVEINDIA CHENNAI - donation,,UPI,expense,Other
BHIM UPI/Royal Auto Service/825734 - bus pass,Royal Auto Service,Debit Card,expense,Transport
Card payment to Apollo Pharmacy,Apollo Pharmacy,Net Banking,expense,Healthcare
BHIM UPI/AMAZONINDIA/264546,Amazon India,Net Banking,expense,Entertainment
BHIM UPI/DMART/381780 - vegetables and staples,,Debit Card,expense,Food
Croma - tablet for online classes,Croma,Debit Card,expense,Education
POS 5438XXXX6491 STARBUCKSCOFF INDORE - team lunch,Starbucks Coffee,Debit Card,expense,Food
Bharat Petroleum,Bharat Petroleum,Debit Card,expense,Transport
PAYTM-Croma-516103 - headphones,,Debit Card,expense,Shopping
UPI/Tata Power/184422/Payment - insurance premium,Tata Power,Auto Debit,expense,Bills
Uber India GURUGRAM - airport drop,Uber India,Debit Card,expense,Transport
IMPS/379814/AMAZON - kitchen appliance,Amazon India,Credit Card,expense,Shopping
Card payment to HDFC Mutual Fund - recurring deposit,,Net Banking,expense,Investments
BHIM UPI/BYJUS Learning/839856 - course fee,BYJUS Learning,Debit Card,expense,Education
UPI/Adani Electricity/593947/Payment - insurance premium,Adani Electricity,Credit Card,expense,Bills
IMPS/570886/Cafe Coffee Day,Cafe Coffee Day,UPI,expense,Food
BESCOM Electricity online order,BESCOM Electricity,Auto Debit,expense,Bills
DEBIT CARD PURCHASE PharmEasy - dental visit,PharmEasy,Credit Card,expense,Healthcare
Burger King INDORE,,Debit Card,expense,Food
IMPS/650774/Paytm Wallet - wallet topup,Paytm Wallet,Credit Card,expense,Other
FORTISHEALTHCARE,Fortis Healthcare,Debit Card,expense,Healthcare
UPI/Naturals Ice Cream/443954/Payment - lunch order,Naturals Ice Cream,Credit Card,expense,Food
UPI/House Rent Payment/569685/Payment,House Rent Payment,Bank Transfer,expense,Rent
Coursera JAIPUR,Coursera,UPI,expense,Education
BHIM UPI/AIRTELPOSTPAID/632306,Airtel Postpaid,Net Banking,expense,Bills
BHIM UPI/Ola Cabs/944014,Ola Cabs,Debit Card,expense,Transport
UPI/UDEMY/496503/Payment - course fee,Udemy,Credit Card,expense,Education
UPI-Property Rent-166765@okhdfcbank,Property Rent,UPI,expense,Rent
Blinkit - milk bread eggs,Blinkit,UPI,expense,Food
UPI/SONYLIV/348528/Payment,,UPI,expense,Entertainment
UPI-1MG-667250@okhdfcbank,1mg Tata,Credit Card,expense,Healthcare
Reliance Digital,,Debit Card,expense,Bills
PAYTM-RELIANCEDIGITAL-757338 - dth recharge,Reliance Digital,Net Banking,expense,Bills
UPI/BWSSB Water/911968/Payment,,Net Banking,expense,Bills
UPI/Vedantu/824627/Payment - online class,Vedantu,Debit Card,expense,Education
CREDIT INTEREST HCL Technologies - consulting retainer,HCL Technologies,Net Banking,income,Salary
UPGRD - subscription for learning,upGrad,UPI,expense,Education
POS 5232XXXX3652 WELLNESS FOREVER INDORE - vitamins order,,Net Banking,expense,Healthcare
Amazon Kindle Books HYDERABAD - subscription for learning,Amazon Kindle Books,Net Banking,expense,Education
UPI/NATNLPNSNSCHM/168952/Payment - nps contribution,National Pension Scheme,Auto Debit,expense,Investments
BHIM UPI/MAHANAGAR/498070,Mahanagar Gas,UPI,expense,Bills
UPI-Zara India-762459@okhdfcbank,Zara India,Credit Card,expense,Shopping
UPI/SBI Mutual Fund/305005/Payment,SBI Mutual Fund,UPI,expense,Investments
Manipal Hospital,Manipal Hospital,Credit Card,expense,Healthcare
BHIM UPI/Indian Oil/796059 - highway convenience store snacks,Indian Oil,Net Banking,expense,Food
POS 4565XXXX3711 ZOOMCAR KOLKATA,,Credit Card,expense,Transport
IMPS/337220/Kuvera SIP - ppf contribution,Kuvera SIP,Bank Transfer,expense,Investments
NEFT DR PHYSICS WALLAH 268380 - semester fee,Physics Wallah,UPI,expense,Education
POS 4716XXXX6502 DISNEY PLUS HOTSTAR MUMBAI,Disney Plus Hotstar,UPI,expense,Entertainment
Vedantu - textbooks,Vedantu,Debit Card,expense,Education
UPI-LIC Premium-296536@okhdfcbank - water bill,LIC Premium,Credit Card,expense,Bills
POS 5673XXXX2173 LOCKSMITH SERVICE NOIDA - annual fee,Locksmith Service,UPI,expense,Other
UPI-Vedantu-924458@okhdfcbank - online class,Vedantu,UPI,expense,Education
IMPS/505936/Goibibo - travel insurance,Goibibo,Net Banking,expense,Travel
IMPS/932348/Colive Rent,Colive Rent,Net Banking,expense,Rent
OYO Rooms KOCHI,,Net Banking,expense,Travel
BHIM UPI/Haldirams Sweets/588560 - lunch order,Haldirams Sweets,Net Banking,expense,Food
IMPS/360121/COLVRNT - flat rent,Colive Rent,Net Banking,expense,Rent
POS 5272XXXX8351 PHYSICS WALLAH JAIPUR - online class,,Net Banking,expense,Education
IMPS/718006/DISNEYPL - concert tickets,Disney Plus Hotstar,UPI,expense,Entertainment
POS 5366XXXX8170 AMAZON NOIDA - textbook order,Amazon India,Credit Card,expense,Education
Card payment to NoBroker Pay - monthly house rent,,Net Banking,expense,Rent
LANDLORD online order,Landlord Rent Transfer,Net Banking,expense,Rent
Card payment to BLNKT,Blinkit,Net Banking,expense,Food
Croma CHENNAI - e reader purchase,Croma,UPI,expense,Education
Card payment to Bank Service Charge,Bank Service Charge,Debit Card,expense,Other
Card payment to INDANE,Indane Gas,Credit Card,expense,Bills
SALARY CREDIT FRSHWRKSNC 219972 - freelance invoice payment,,Net Banking,income,Salary
BHIM UPI/APOLLO/995207 - eye checkup,Apollo Pharmacy,Net Banking,expense,Healthcare
CREDIT INTEREST FLIPKARTINTERNET,Flipkart Internet,Bank Transfer,income,Salary
BLINKIT KOCHI - otc medicines delivery,,Credit Card,expense,Healthcare
UPI/EASEMYTR/204629/Payment - resort booking,EaseMyTrip,UPI,expense,Travel
Card payment to INDmoney - portfolio top up,INDmoney,UPI,expense,Investments
UPI/Courier Bluedart/922730/Payment,Courier Bluedart,Net Banking,expense,Other
PAYTM-Reliance Digital-525959 - dth recharge,Reliance Digital,Credit Card,expense,Bills
UPI-NATIONALPE-427351@okhdfcbank - gold bond purchase,National Pension Scheme,UPI,expense,Investments
Theobroma online order - lunch order,Theobroma,Debit Card,expense,Food
PAYTM-AMZNKNDLBKS-915992,Amazon Kindle Books,Net Banking,expense,Education
ACH CR FLIPKART PAYROLL - monthly salary credit,Flipkart Internet,Net Banking,income,Salary
IMPS/490924/Bharat Petroleum - bike rental,Bharat Petroleum,Net Banking,expense,Transport
NEFT DR BOOKMYSHOW 775951,BookMyShow,Net Banking,expense,Entertainment
NEFT DR CROSSWORD BOOKSTORE 836023,Crossword Bookstore,Credit Card,expense,Education
PAYTM-Uber India-622443 - airport drop,Uber India,Net Banking,expense,Transport
IMPS/865755/BWSSB Water,BWSSB Water,Net Banking,expense,Bills
DEBIT CARD PURCHASE Landlord Rent Transfer,Landlord Rent Transfer,Bank Transfer,expense,Rent
UPI-PVR Cinemas-254696@okhdfcbank,PVR Cinemas,Auto Debit,expense,Entertainment
DEBIT CARD PURCHASE Paytm Wallet - metro card recharge,,Credit Card,expense,Transport
Vistara online order - hotel stay,Vistara,Credit Card,expense,Travel
IMPS CR 661740 ACCENTUREINDIA - monthly remuneration,Accenture India,Bank Transfer,income,Salary
PAYTM-WELLNSSFRVR-796850,Wellness Forever,Net Banking,expense,Healthcare
DEBIT CARD PURCHASE Zee5 - movie tickets,,Credit Card,expense,Entertainment
UPI/Netmeds/880056/Payment - gym membership,,Credit Card,expense,Healthcare
DEBIT CARD PURCHASE BOOKMYSHOW,BookMyShow,Net Banking,expense,Entertainment
NEFT DR INDIAN OIL 576653 - diesel refill,Indian Oil,UPI,expense,Transport
Crossword Bookstore KOCHI,Crossword Bookstore,Credit Card,expense,Education
HDFC Ergo Insurance - utility payment,HDFC Ergo Insurance,UPI,expense,Bills
UPI-HDFCBNK-220771@okhdfcbank - service charge,HDFC Bank,Net Banking,expense,Other
IMPS/739158/Vodafone Idea,Vodafone Idea,Credit Card,expense,Bills
Amazon India,Amazon India,Debit Card,expense,Food
SALARY CREDIT Infosys Ltd 242350 - salary for september,Infosys Ltd,Bank Transfer,income,Salary
ACH CR HCL TECHNOLOGIES PAYROLL,,Net Banking,income,Salary
NEFT DR ZOMATO 130948 - dessert,Zomato,Net Banking,expense,Food
Zoho Corp dividend payout,Zoho Corp,Bank Transfer,income,Salary
Vodafone Idea INDORE,Vodafone Idea,Auto Debit,expense,Bills
NEFT DR BOAT LIFESTYLE 751209 - headphones,,Credit Card,expense,Shopping
PAYTM-Reliance Digital-858350 - television purchase,,Debit Card,expense,Shopping
PAYTM-National Pension Scheme-443600 - recurring deposit,National Pension Scheme,Bank Transfer,expense,Investments
IMPS/540080/McDonalds - dinner delivery,McDonalds,Debit Card,expense,Food
Card payment to Sony LIV,Sony LIV,Auto Debit,expense,Entertainment
NEFT DR SWIGGY 554399 - instamart household items,Swiggy,Net Banking,expense,Shopping
BookMyShow PUNE,BookMyShow,UPI,expense,Travel
Card payment to Zepto - grocery basket,Zepto,UPI,expense,Food
Property Rent online order,Property Rent,Bank Transfer,expense,Rent
NEFT CR HCL SALARY - payroll credit,HCL Technologies,Net Banking,income,Salary
MAHANAGARGAS KOLKATA,,Net Banking,expense,Bills
BHIM UPI/Delhi Metro Rail/846849,Delhi Metro Rail,Debit Card,expense,Transport
UPI-Scaler Academy-323849@okhdfcbank - course fee,,Net Banking,expense,Education
UPI-Lenskart-922000@okhdfcbank - furniture,,Credit Card,expense,Shopping
BHIM UPI/Reliance Digital/888786,Reliance Digital,Net Banking,expense,Shopping
IMPS/512418/Bank Service Charge - unclassified spend,,Cash,expense,Other
Card payment to 1MGTT - eye checkup,1mg Tata,Debit Card,expense,Healthcare
Behrouz Biryani INDORE,Behrouz Biryani,Credit Card,expense,Food
HDFCERGOINS online order - insurance premium,HDFC Ergo Insurance,UPI,expense,Bills
Infosys Ltd monthly salary - salary for september,Infosys Ltd,Net Banking,income,Salary
BookMyShow MUMBAI - stand up comedy show,BookMyShow,Net Banking,expense,Entertainment
BHIM UPI/BookMyShow/199994 - stand up comedy show,BookMyShow,Debit Card,expense,Entertainment
IMPS/759452/Starbucks Coffee - lunch order,Starbucks Coffee,UPI,expense,Food
Freshworks Inc dividend payout,Freshworks Inc,Bank Transfer,income,Salary
PAYTM-Airtel Postpaid-585984 - broadband bill,Airtel Postpaid,Credit Card,expense,Bills
BHIM UPI/Apollo Pharmacy/517153 - toiletries and cosmetics,,UPI,expense,Shopping
POS 4788XXXX2681 SWIGGY BENGALURU,Swiggy,UPI,expense,Food
NEFT DR MEDPLUS 669513,MedPlus,UPI,expense,Healthcare
UPI/Clove Dental/522418/Payment,Clove Dental,Debit Card,expense,Healthcare
NEFT DR SWIGGY 641662,Swiggy,UPI,expense,Food
UPI/Meesho/980345/Payment - kitchen appliance,,UPI,expense,Shopping
Tata Power online order - maintenance charges,Tata Power,Net Banking,expense,Bills
NEFT DR PRCTCNSLTTN 255653 - dental visit,Practo Consultation,Credit Card,expense,Healthcare
NEFT DR IKEA INDIA 790987 - clothing order,IKEA India,Credit Card,expense,Shopping
UPI-Paytm Wallet-258375@okhdfcbank,,Net Banking,expense,Entertainment
SONYLIV - movie tickets,Sony LIV,UPI,expense,Entertainment
Zee5 BENGALURU,Zee5,Auto Debit,expense,Entertainment
BHIM UPI/Blinkit/353624,Blinkit,Debit Card,expense,Food
IMPS/728390/INDIAN - highway convenience store snacks,Indian Oil,UPI,expense,Food
Card payment to Amazon India - apparel order,Amazon India,Debit Card,expense,Shopping
UPI-STMGMS-608991@okhdfcbank,Steam Games,Auto Debit,expense,Entertainment
IMPS/628610/Tata Cliq,Tata Cliq,Credit Card,expense,Shopping
UPI/NAMMAMETRO/499152/Payment,Namma Metro,Net Banking,expense,Transport
UPI-Reliance Digital-458166@okhdfcbank - appliance,Reliance Digital,UPI,expense,Shopping
UPI/HDFCMUTU/924878/Payment - ppf contribution,,Bank Transfer,expense,Investments
Card payment to Zoomcar,,Debit Card,expense,Transport
Jio Fiber - utility payment,,Auto Debit,expense,Bills
Card payment to Property Rent - monthly house rent,Property Rent,Net Banking,expense,Rent
PAYTM-1mg Tata-346867,1mg Tata,Debit Card,expense,Healthcare
UPI-Shell Fuel Station-816533@okhdfcbank - toll recharge,Shell Fuel Station,Debit Card,expense,Transport
DEBIT CARD PURCHASE Paytm Wallet,Paytm Wallet,Debit Card,expense,Entertainment
Stanza Living BENGALURU,Stanza Living,UPI,expense,Rent
PAYTM-DUOLINGO-310628 - study material,,UPI,expense,Education
Passport Seva,Passport Seva,Net Banking,expense,Other
Card payment to DMart Grocery,DMart Grocery,UPI,expense,Food
AUDIBLEIND online order - game purchase,Audible India,Credit Card,expense,Entertainment
YouTube Premium - subscription renewal,YouTube Premium,Auto Debit,expense,Entertainment
UPI/National Pension Scheme/623921/Payment - mutual fund purchase,,Bank Transfer,expense,Investments
NEFT DR MAHANAGAR GAS 341176,Mahanagar Gas,UPI,expense,Bills
IMPS CR 989235 Swiggy Bundl Technologies,Swiggy Bundl Technologies,Bank Transfer,income,Salary
Blinkit online order - milk bread eggs,Blinkit,Credit Card,expense,Food
UPI-Zoomcar-332460@okhdfcbank - toll recharge,Zoomcar,Debit Card,expense,Transport
PAYTM-Taj Hotels-108354 - flight booking,Taj Hotels,UPI,expense,Travel
Swiggy online order - restaurant order,Swiggy,Net Banking,expense,Food
Netmeds online order,Netmeds,Credit Card,expense,Healthcare
BHIM UPI/INDMONEY/255549,INDmoney,Bank Transfer,expense,Investments
Steam Games KOCHI,Steam Games,Credit Card,expense,Entertainment
Apollo Pharmacy MUMBAI,Apollo Pharmacy,Net Banking,expense,Shopping
BHIM UPI/BookMyShow/380467 - event travel package,,UPI,expense,Travel
PAYTM-MSEDCL Power-399086,MSEDCL Power,Auto Debit,expense,Bills
BHIM UPI/ZE5/721525,Zee5,Debit Card,expense,Entertainment
BHIM UPI/SWIGGY/727481 - restaurant order,Swiggy,Debit Card,expense,Food
IMPS/565142/Barbeque Nation,Barbeque Nation,Credit Card,expense,Food
WESTSIDE - sports gear,Westside,Net Banking,expense,Shopping
Pepperfry BENGALURU,Pepperfry,Debit Card,expense,Shopping
Paytm Money NOIDA - sip installment,Paytm Money,Net Banking,expense,Investments
PAYTM-MakeMyTrip-248021 - visa fee,MakeMyTrip,UPI,expense,Travel
Urban Company - appliance repair,,Net Banking,expense,Other
DEBIT CARD PURCHASE IRCTC Rail Connect - travel insurance,IRCTC Rail Connect,Credit Card,expense,Travel
Unacademy,Unacademy,Net Banking,expense,Education
BHIM UPI/NoBroker Pay/620440,NoBroker Pay,Net Banking,expense,Rent
IMPS/752460/MAHANAGARGAS - postpaid bill,,UPI,expense,Bills
POS 4753XXXX4714 AXIS BLUECHIP SIP CHENNAI - recurring deposit,Axis Bluechip SIP,UPI,expense,Investments
UPI/House Rent Payment/717684/Payment,House Rent Payment,Bank Transfer,expense,Rent
PAYTM-Audible India-148355 - weekend movie,Audible India,Debit Card,expense,Entertainment
Sony LIV GURUGRAM - audiobook,Sony LIV,Auto Debit,expense,Entertainment
NEFT DR LIC PREMIUM 686310 - gas cylinder booking,LIC Premium,UPI,expense,Bills
UPI-Post Office-334298@okhdfcbank,Post Office,Net Banking,expense,Other
SALARY CREDIT Wipro Ltd 632180,Wipro Ltd,Bank Transfer,income,Salary
UPI/Urban Company/855480/Payment - massage therapy session,Urban Company,Credit Card,expense,Healthcare
Croma - smart watch,Croma,Net Banking,expense,Shopping
NEFT DR CROMA 690963,Croma,Credit Card,expense,Education
POS 4802XXXX4642 COURIER BLUEDART INDORE - misc payment,Courier Bluedart,UPI,expense,Other
ACH CR DELOITTE INDIA PAYROLL,,Bank Transfer,income,Salary
MAXHEALT online order - gym membership,Max Healthcare,Credit Card,expense,Healthcare
BHIM UPI/Unacademy/863156,Unacademy,Debit Card,expense,Education
NEFT DR CASH WITHDRAWAL ATM 116248 - penalty payment,Cash Withdrawal ATM,Cash,expense,Other
Bank Service Charge GURUGRAM,Bank Service Charge,Debit Card,expense,Other
BHIM UPI/Apple Music/297833 - weekend movie,Apple Music,UPI,expense,Entertainment
UPI/Vedantu/122838/Payment,Vedantu,Net Banking,expense,Education
Zepto - breakfast order,Zepto,Net Banking,expense,Food
POS 5850XXXX1200 VEDANTU CHENNAI,Vedantu,Credit Card,expense,Education
POS 5150XXXX4806 DMART KOCHI - monthly groceries,DMart,Credit Card,expense,Food
PAYTM-INDmoney-993723 - portfolio top up,INDmoney,Bank Transfer,expense,Investments
Amazon India online order - order for home goods,,Debit Card,expense,Shopping
UPI-BookMyShow-479848@okhdfcbank - out of town event booking,BookMyShow,Net Banking,expense,Travel
UPI-House Rent Payment-653113@okhdfcbank - flat rent,House Rent Payment,Bank Transfer,expense,Rent
IMPS/351875/NOBRKRPY - rent transfer,NoBroker Pay,Bank Transfer,expense,Rent
CREDIT INTEREST Freshworks Inc - monthly salary credit,Freshworks Inc,Bank Transfer,income,Salary
BHIM UPI/Amazon India/360151,Amazon India,UPI,expense,Food
NEFT CR ACCENTURE INDIA SALARY - performance bonus,Accenture India,Bank Transfer,income,Salary
BHIM UPI/MUNCPLTX/759334,Municipal Tax,Debit Card,expense,Other
POS 4827XXXX6128 TAJ HOTELS BENGALURU - weekend trip,Taj Hotels,UPI,expense,Travel
Card payment to Bank Service Charge - handyman,Bank Service Charge,Net Banking,expense,Other
UPI-Vodafone Idea-539733@okhdfcbank - water bill,Vodafone Idea,UPI,expense,Bills
DEBIT CARD PURCHASE Paytm Wallet - fastag topup,,UPI,expense,Transport
IMPS CR 734424 ZOHOCORP - payroll credit,Zoho Corp,Net Banking,income,Salary
APOLLOPHAR KOCHI,Apollo Pharmacy,Debit Card,expense,Shopping
BHIM UPI/Paytm Money/647790 - equity purchase,,UPI,expense,Investments
DEBIT CARD PURCHASE PharmEasy - eye checkup,PharmEasy,Credit Card,expense,Healthcare
NEFT DR BLINKIT 815671 - milk bread eggs,Blinkit,Credit Card,expense,Food
NEFT DR PHYSICS WALLAH 336766 - online class,Physics Wallah,Debit Card,expense,Education
UPI/Swiggy/974687/Payment - late night food,Swiggy,Net Banking,expense,Food
Card payment to Yatra Online,Yatra Online,Debit Card,expense,Travel
SALARY CREDIT Tata Consultancy Services 449942 - payroll credit,Tata Consultancy Services,Net Banking,income,Salary
PAYTM-Croma-817679,Croma,Credit Card,expense,Shopping
PAYTM-Cambridge Assessment-102647 - tuition fee,Cambridge Assessment,Debit Card,expense,Education
JIOCINEMA online order - game purchase,JioCinema,UPI,expense,Entertainment
BHIM UPI/ACT Fibernet/426588,,Credit Card,expense,Bills
UPI-CHEQUEPAYMENT-771071@okhdfcbank,,UPI,expense,Other
NEFT DR NYKAA 485812 - electronics order,Nykaa,Net Banking,expense,Shopping
PHARMEASY online order,PharmEasy,UPI,expense,Healthcare
IMPS/799735/Netflix - movie tickets,Netflix,Auto Debit,expense,Entertainment
NEFT DR NAMMA METRO 902583,Namma Metro,UPI,expense,Transport
NEFT DR MAHANAGAR GAS 551409,Mahanagar Gas,Net Banking,expense,Bills
SALARY CREDIT Zoho Corp 930355 - consulting retainer,Zoho Corp,Bank Transfer,income,Salary
SOCIETYMAINTEN - postpaid bill,Society Maintenance,Credit Card,expense,Bills
NEFT DR ICICI PRUDENTIAL SIP 406668,ICICI Prudential SIP,Bank Transfer,expense,Investments
IMPS/257629/Zee5,Zee5,Auto Debit,expense,Entertainment
POS 4856XXXX3118 COURIER BLUEDART MUMBAI,,Net Banking,expense,Other
NEFT CR DELOITTE INDIA SALARY - performance bonus,,Net Banking,income,Salary
UPI-APPLEMUSIC-351418@okhdfcbank,Apple Music,UPI,expense,Entertainment
Card payment to Amazon Kindle Books - textbooks,,Debit Card,expense,Education
Accenture India monthly salary,Accenture India,Net Banking,income,Salary
APOLLOPHARMACY online order - diabetes strips,Apollo Pharmacy,Net Banking,expense,Healthcare
Treebo Hotels online order,Treebo Hotels,Credit Card,expense,Travel
PAYTM-Lenskart-620500,Lenskart,Credit Card,expense,Shopping
Card payment to Manipal Hospital,Manipal Hospital,Net Banking,expense,Healthcare
PAYTM-PARKPLUSPARKING-585924 - metro recharge,Park Plus Parking,Credit Card,expense,Transport
PAYTM-Shoppers Stop-990913,Shoppers Stop,UPI,expense,Shopping
IMPS CR 643499 Wipro Ltd,,Net Banking,income,Salary
IMPS/323841/BLNKT,,Debit Card,expense,Healthcare
PAYTM-Paytm Wallet-878126,,UPI,expense,Transport
FASTag Recharge online order - car service,FASTag Recharge,UPI,expense,Transport
Card payment to Indane Gas - postpaid bill,Indane Gas,Auto Debit,expense,Bills
Cash Withdrawal ATM,Cash Withdrawal ATM,Debit Card,expense,Other
UPI/Upstox/360976/Payment,Upstox,UPI,expense,Investments
UPI/Apollo Pharmacy/702784/Payment - diabetes strips,Apollo Pharmacy,Debit Card,expense,Healthcare
BHIM UPI/Zolo Stays/823033,,Bank Transfer,expense,Rent
Card payment to BMTCBUS,,Debit Card,expense,Transport
PAYTM-ICICI Prudential SIP-197646,ICICI Prudential SIP,Auto Debit,expense,Investments
IMPS/145494/Apple Music,Apple Music,Credit Card,expense,Entertainment
BHIM UPI/Amazon India/288073 - exam guide,Amazon India,Credit Card,expense,Education
UPI-Public Provident Fund-932315@okhdfcbank - mutual fund purchase,Public Provident Fund,Auto Debit,expense,Investments
UPI/Goibibo/107358/Payment - flight booking,Goibibo,Credit Card,expense,Travel
BESCOM Electricity online order - insurance premium,BESCOM Electricity,Net Banking,expense,Bills
IMPS/816871/HP Petrol Pump - auto ride,HP Petrol Pump,Debit Card,expense,Transport
NEFT DR BOOKMYSHOW 507721 - stand up comedy show,BookMyShow,Debit Card,expense,Entertainment
BHIM UPI/Municipal Tax/509563,Municipal Tax,UPI,expense,Other
Card payment to Thyrocare - doctor consultation,Thyrocare,UPI,expense,Healthcare
DEBIT CARD PURCHASE LICPREMIUM - broadband bill,LIC Premium,Net Banking,expense,Bills
ACH CR FRESHWORKS INC PAYROLL,Freshworks Inc,Net Banking,income,Salary
UPI-Wow Momo-251689@okhdfcbank,,Credit Card,expense,Food
PVR Cinemas online order - movie tickets,PVR Cinemas,UPI,expense,Entertainment
UPI-Uber India-405591@okhdfcbank - bus pass,,Net Banking,expense,Transport
POS 5444XXXX6245 POST OFFICE PUNE - bank charges,Post Office,UPI,expense,Other
BHIM UPI/Max Healthcare/841283,Max Healthcare,Debit Card,expense,Healthcare
IRCTC Rail Connect online order,IRCTC Rail Connect,Net Banking,expense,Travel
POS 4681XXXX4875 NOBROKER PAY INDORE - rent via nobroker,,Net Banking,expense,Rent
PAYTM-National Pension Scheme-737189 - portfolio top up,National Pension Scheme,UPI,expense,Investments
Upstox NOIDA - ppf contribution,Upstox,Net Banking,expense,Investments
BHIM UPI/Airtel Postpaid/497151 - gas cylinder booking,Airtel Postpaid,Auto Debit,expense,Bills
IMPS CR 968087 ACCENTURE - freelance invoice payment,Accenture India,Net Banking,income,Salary
NEFT DR HOSRNTPYMNT 335159 - co-living rent,House Rent Payment,Bank Transfer,expense,Rent
Reliance Digital - laptop purchase,Reliance Digital,Net Banking,expense,Shopping
PAYTM-Decathlon-318890 - online purchase,Decathlon,Credit Card,expense,Shopping
Chaayos online order - coffee,Chaayos,UPI,expense,Food
NEFT DR MAKEMYTRIP 354172 - travel insurance,MakeMyTrip,Debit Card,expense,Travel
Coursera - semester fee,Coursera,UPI,expense,Education
NEFT DR BLINKIT 352836 - grocery basket,Blinkit,UPI,expense,Food
DEBIT CARD PURCHASE OLACABS - parking fee,Ola Cabs,Net Banking,expense,Transport
Taj Hotels CHENNAI,Taj Hotels,Credit Card,expense,Travel
NEFT DR 1MG 588437,1mg Tata,Credit Card,expense,Healthcare
ACH CR RAZORPAY SOFTWARE PAYROLL - performance bonus,,Net Banking,income,Salary
UPI-Myntra-264355@okhdfcbank,,Debit Card,expense,Shopping
Blinkit online order - lunch order,,Net Banking,expense,Food
IMPS/249547/Goibibo,Goibibo,Credit Card,expense,Travel
Kuvera SIP HYDERABAD,Kuvera SIP,UPI,expense,Investments
PAYTM-Audible India-700865 - monthly plan,Audible India,Credit Card,expense,Entertainment
SPOTIFYI - concert tickets,Spotify India,Auto Debit,expense,Entertainment
POS 4938XXXX1017 CROSSWORD BOOKSTORE KOLKATA - tuition fee,Crossword Bookstore,UPI,expense,Education
INDMONEY BENGALURU,INDmoney,Auto Debit,expense,Investments
Meesho - headphones,,Credit Card,expense,Shopping
POS 5839XXXX6897 REDBUS PUNE - train ticket,RedBus,Credit Card,expense,Travel
Miscellaneous Payment online order,Miscellaneous Payment,Cash,expense,Other
POS 5538XXXX7034 RELIANCE DIGITAL GURUGRAM,Reliance Digital,Debit Card,expense,Bills
YULBKS - airport drop,Yulu Bikes,UPI,expense,Transport
POS 4454XXXX8816 FIRSTCRY HYDERABAD - headphones,FirstCry,UPI,expense,Shopping
Airbnb India online order,Airbnb India,Credit Card,expense,Travel
Card payment to Vodafone Idea - gas cylinder booking,Vodafone Idea,UPI,expense,Bills
UPI/Uber India/383820/Payment - fuel refill,Uber India,Debit Card,expense,Transport
Manipal Hospital - vaccination,Manipal Hospital,Debit Card,expense,Healthcare
POS 4324XXXX8127 SHELL FUEL STATION KOLKATA,Shell Fuel Station,Credit Card,expense,Transport
Card payment to ACT Fibernet - piped gas bill,ACT Fibernet,Credit Card,expense,Bills
UPI-Urban Company-393435@okhdfcbank - home cleaning service,Urban Company,Debit Card,expense,Other
ZOHO monthly salary - net pay,,Net Banking,income,Salary
POS 5085XXXX7775 PROPERTY RENT BENGALURU - rent via nobroker,Property Rent,Net Banking,expense,Rent
PAYTM-Reliance Digital-191151,,Debit Card,expense,Shopping
PAYTM-Amazon India-910534 - prime video subscription,Amazon India,Debit Card,expense,Entertainment
IMPS/252422/EaseMyTrip,,Net Banking,expense,Travel
UPI/Sony LIV/763758/Payment,Sony LIV,Credit Card,expense,Entertainment
IMPS/769128/NIPPONINDIASIP - nps contribution,Nippon India SIP,Net Banking,expense,Investments
RELIANCE online order,Reliance Digital,Net Banking,expense,Shopping
NEFT DR CROMA 232037 - home appliance,Croma,Debit Card,expense,Shopping
UPI/Scaler Academy/513721/Payment - semester fee,,Credit Card,expense,Education
INFOSYSLT monthly salary - freelance invoice payment,Infosys Ltd,Net Banking,income,Salary
NEFT DR PAYTM MONEY 716714 - sip installment,Paytm Money,Net Banking,expense,Investments
BHIM UPI/HP Petrol Pump/181099 - toll recharge,,UPI,expense,Transport
NPTEL - subscription for learning,NPTEL Certification,Credit Card,expense,Education
CREDIT INTEREST Deloitte India,Deloitte India,Bank Transfer,income,Salary
IMPS/274567/HDFC Mutual Fund - recurring deposit,HDFC Mutual Fund,Bank Transfer,expense,Investments
POS 5490XXXX5459 BESCOM ELECTRICITY INDORE - broadband bill,BESCOM Electricity,Auto Debit,expense,Bills
NEFT DR AIR INDIA 225646 - travel insurance,,Credit Card,expense,Travel
PAYTM-ICICI Prudential SIP-486672,ICICI Prudential SIP,Bank Transfer,expense,Investments
SALARY CREDIT Tata Consultancy Services 596746,Tata Consultancy Services,Net Banking,income,Salary
BHIM UPI/KUVRSP/779224,Kuvera SIP,Auto Debit,expense,Investments
Card payment to ICICI Prudential SIP,,Net Banking,expense,Investments
HP Petrol Pump online order - metro recharge,HP Petrol Pump,Net Banking,expense,Transport
Blinkit DELHI - groceries in ten minutes,Blinkit,UPI,expense,Food
DEBIT CARD PURCHASE Myntra,,Debit Card,expense,Shopping
UPI-Amazon India-830017@okhdfcbank,Amazon India,Debit Card,expense,Entertainment
UPI-Delhi Metro Rail-363655@okhdfcbank - car service,,Credit Card,expense,Transport
APOLLO DELHI - toiletries and cosmetics,Apollo Pharmacy,Debit Card,expense,Shopping
NEFT DR SUBWAY 822191 - dinner delivery,Subway,Debit Card,expense,Food
DEBIT CARD PURCHASE Netmeds - medicines,Netmeds,Net Banking,expense,Healthcare
National Pension Scheme KOLKATA,National Pension Scheme,Bank Transfer,expense,Investments
UPI-Apollo Pharmacy-975478@okhdfcbank - baby care products,Apollo Pharmacy,Debit Card,expense,Shopping
PAYTM-Urban Company-605232 - salon and wellness at home,Urban Company,UPI,expense,Healthcare
UPI-URBANCOMPANY-935841@okhdfcbank - massage therapy session,Urban Company,UPI,expense,Healthcare
Urban Company,,UPI,expense,Other
PAYTM-HDFCBANK-238360 - annual card fee,HDFC Bank,Net Banking,expense,Other
NEFT CR INFOSYS LTD SALARY - freelance invoice payment,Infosys Ltd,Bank Transfer,income,Salary
BHIM UPI/Max Healthcare/962801,Max Healthcare,Debit Card,expense,Healthcare
DEBIT CARD PURCHASE ZOLOSTAYS - co-living rent,Zolo Stays,Bank Transfer,expense,Rent
BHIM UPI/Netmeds/348745,Netmeds,Net Banking,expense,Healthcare
Tata Cliq online order,Tata Cliq,Debit Card,expense,Shopping
POS 4042XXXX9842 AUDIBLE INDIA PUNE - movie tickets,,Debit Card,expense,Entertainment
CAMBRIDGEAS,Cambridge Assessment,UPI,expense,Education
DEBIT CARD PURCHASE Zepto - team lunch,Zepto,Net Banking,expense,Food
POS 4624XXXX5810 SWIGGY MUMBAI - instamart household items,Swiggy,Debit Card,expense,Shopping
UDEMY HYDERABAD - certification exam,Udemy,Credit Card,expense,Education
UPI-Urban Company-643329@okhdfcbank - appliance repair,Urban Company,UPI,expense,Other
UPI/Paytm Wallet/607622/Payment - electricity bill payment,Paytm Wallet,Debit Card,expense,Bills
DEBIT CARD PURCHASE NOBROKERPAY - flat rent,NoBroker Pay,Net Banking,expense,Rent
UPI/Wow Momo/990262/Payment - breakfast order,Wow Momo,Debit Card,expense,Food
Card payment to Royal Auto Service,Royal Auto Service,UPI,expense,Transport
Card payment to JioCinema - concert tickets,JioCinema,Auto Debit,expense,Entertainment
IMPS CR 475087 HCL Technologies,,Net Banking,income,Salary
Reliance Digital NOIDA - laptop purchase,Reliance Digital,UPI,expense,Shopping
SWIGGY,Swiggy,Debit Card,expense,Food
PAYTM-Amazon Kindle Books-526000,,Debit Card,expense,Education
Vodafone Idea BENGALURU - insurance premium,Vodafone Idea,Credit Card,expense,Bills
Card payment to HDFC Bank,HDFC Bank,Net Banking,expense,Other
Audible India online order - annual plan,Audible India,Credit Card,expense,Entertainment
ACH CR FLIPKART INTERNET PAYROLL - performance bonus,Flipkart Internet,Bank Transfer,income,Salary
Cognizant Technology monthly salary,Cognizant Technology,Bank Transfer,income,Salary
Card payment to Indian Oil,,Net Banking,expense,Food
UPI/CRM/621007/Payment,,Debit Card,expense,Education
UPI/AIRINDIA/837410/Payment - bus booking,,Credit Card,expense,Travel
PAYTM-Yatra Online-553079,Yatra Online,UPI,expense,Travel
PAYTM-HDFC Bank-366673 - annual card fee,HDFC Bank,Debit Card,expense,Other
Croma Retail GURUGRAM,,Net Banking,expense,Shopping
IMPS/918970/Paytm Wallet - movie ticket booking,Paytm Wallet,Credit Card,expense,Entertainment
NEFT DR BWSSB WATER 376087,BWSSB Water,Auto Debit,expense,Bills
PAYTM-Airbnb India-599937,Airbnb India,UPI,expense,Travel
POS 4066XXXX6865 APOLLO PHARMACY CHENNAI,Apollo Pharmacy,UPI,expense,Shopping
UPI-HDFCMUTU-826612@okhdfcbank - recurring deposit,HDFC Mutual Fund,Bank Transfer,expense,Investments
BHIM UPI/Dr Lal PathLabs/838385,Dr Lal PathLabs,Net Banking,expense,Healthcare
Card payment to Ola Cabs - petrol,,Net Banking,expense,Transport
PAYTM-Croma-518371,Croma,Net Banking,expense,Shopping
Nestaway Rent - rent transfer,Nestaway Rent,UPI,expense,Rent
Nestaway Rent online order,,UPI,expense,Rent
UPI/Urban Company/801022/Payment,Urban Company,Credit Card,expense,Healthcare
IMPS CR 649262 SWIGGY - freelance invoice payment,Swiggy Bundl Technologies,Net Banking,income,Salary
POS 4955XXXX7716 HDFC BANK KOLKATA - loan emi debit,HDFC Bank,Credit Card,expense,Bills
IMPS CR 962472 Wipro Ltd,Wipro Ltd,Net Banking,income,Salary
BLINKIT online order - otc medicines delivery,Blinkit,Credit Card,expense,Healthcare
Card payment to EaseMyTrip,EaseMyTrip,Net Banking,expense,Travel
NEFT DR CASH WITHDRAWAL ATM 637880,Cash Withdrawal ATM,Debit Card,expense,Other
Card payment to BookMyShow,,Credit Card,expense,Entertainment
UPI/Steam Games/486693/Payment - audiobook,Steam Games,Credit Card,expense,Entertainment
Card payment to Swiggy,Swiggy,UPI,expense,Shopping
Cash Withdrawal ATM - donation,Cash Withdrawal ATM,Cash,expense,Other
POS 5534XXXX9091 BYJUS LEARNING KOLKATA - certification exam,BYJUS Learning,UPI,expense,Education
BHIM UPI/Udemy/656918 - study material,Udemy,Debit Card,expense,Education
BMTC Bus online order,BMTC Bus,Net Banking,expense,Transport
DEBIT CARD PURCHASE GREATLEARNIN - study material,Great Learning,Credit Card,expense,Education
BLINKIT MUMBAI,Blinkit,Credit Card,expense,Healthcare
PAYTM-Faasos-282496 - snacks,Faasos,Net Banking,expense,Food
BHIM UPI/Amazon India/818489 - amazon fresh groceries,Amazon India,UPI,expense,Food
IMPS/461670/YATRAONLINE - travel insurance,Yatra Online,UPI,expense,Travel
NEFT DR DMART 225214,DMart,Credit Card,expense,Food
BHIM UPI/ZOOMCAR/649398,,Debit Card,expense,Transport
POS 4447XXXX4485 NOBROKER PAY JAIPUR - rent transfer,NoBroker Pay,Bank Transfer,expense,Rent
Royal Auto Service online order,Royal Auto Service,Net Banking,expense,Transport
DEBIT CARD PURCHASE INDmoney - equity purchase,,Bank Transfer,expense,Investments
DEBIT CARD PURCHASE Meesho,Meesho,Debit Card,expense,Shopping
IMPS/164090/IRCTC Rail Connect - hotel stay,IRCTC Rail Connect,Debit Card,expense,Travel
DEBIT CARD PURCHASE Courier Bluedart,,Net Banking,expense,Other
BHIM UPI/Chaayos/792659 - snacks,Chaayos,Credit Card,expense,Food
POS 5665XXXX2033 HALDIRAMS SWEETS GURUGRAM - breakfast order,Haldirams Sweets,UPI,expense,Food
BHIM UPI/1mg Tata/827049 - dental visit,1mg Tata,Credit Card,expense,Healthcare
UPI-TREEBOHOTELS-572860@okhdfcbank,Treebo Hotels,UPI,expense,Travel
NEFT CR ZOHO CORP SALARY - monthly remuneration,Zoho Corp,Bank Transfer,income,Salary
BHIM UPI/Decathlon/316825 - gift purchase,,Debit Card,expense,Shopping
UPI-Miscellaneous Payment-690191@okhdfcbank - government fee,Miscellaneous Payment,Cash,expense,Other
ACH CR HCL TECHNOLOGIES PAYROLL,HCL Technologies,Bank Transfer,income,Salary
DEBIT CARD PURCHASE Spotify India,Spotify India,Credit Card,expense,Entertainment
NEFT DR SWIGGY 883328,Swiggy,UPI,expense,Food
Paytm Wallet PUNE,Paytm Wallet,Debit Card,expense,Other
Zoomcar - cab ride,Zoomcar,Net Banking,expense,Transport
Card payment to Blinkit,Blinkit,UPI,expense,Healthcare
POS 5295XXXX3407 TATA BENGALURU,,Debit Card,expense,Shopping
Mahanagar Gas KOLKATA,Mahanagar Gas,Auto Debit,expense,Bills
UPI/WELLNESS/864522/Payment - vitamins order,Wellness Forever,Credit Card,expense,Healthcare
PAYTM-Amazon Prime Video-696201,Amazon Prime Video,Debit Card,expense,Entertainment
NEFT CR DELOITTE INDIA SALARY,Deloitte India,Net Banking,income,Salary
UPI/Paytm Money/976434/Payment,Paytm Money,Auto Debit,expense,Investments
Crossword Bookstore NOIDA - textbooks,,Net Banking,expense,Education
Uber India,Uber India,Debit Card,expense,Transport
Zomato - milk and eggs,Zomato,Credit Card,expense,Food
IMPS/800415/SBI Mutual Fund,SBI Mutual Fund,Auto Debit,expense,Investments
PAYTM-Courier Bluedart-451092,Courier Bluedart,Net Banking,expense,Other
BHIM UPI/Indian Oil Petrol Pump/324519 - office commute,Indian Oil Petrol Pump,Credit Card,expense,Transport
DEBIT CARD PURCHASE Manipal Hospital - doctor consultation,Manipal Hospital,Debit Card,expense,Healthcare
UPI/Nippon India SIP/646874/Payment,Nippon India SIP,Auto Debit,expense,Investments
upGrad online order - course fee,upGrad,Debit Card,expense,Education
BHIM UPI/BookMyShow/233471 - event travel package,BookMyShow,UPI,expense,Travel
NEFT DR PVR CINEMAS 787739,PVR Cinemas,Debit Card,expense,Entertainment
UPI-Reliance Digital-298772@okhdfcbank - dth recharge,,Credit Card,expense,Bills
Cleartrip - hotel stay,Cleartrip,Debit Card,expense,Travel
PAYTM-SBI Mutual Fund-914746 - gold bond purchase,SBI Mutual Fund,Net Banking,expense,Investments
UPI/Reliance Digital/890836/Payment - television purchase,Reliance Digital,Debit Card,expense,Shopping
UPI-SWIGGY-466965@okhdfcbank,Swiggy,Debit Card,expense,Food
POS 5413XXXX1033 TITANWORLD BENGALURU,,Credit Card,expense,Shopping
NEFT DR RELIANCE DIGITAL 407712,Reliance Digital,Net Banking,expense,Shopping
IMPS/981489/Royal Auto Service,Royal Auto Service,Credit Card,expense,Transport
BHIM UPI/Passport Seva/115927,Passport Seva,Debit Card,expense,Other
DEBIT CARD PURCHASE Netmeds,Netmeds,Net Banking,expense,Healthcare
AMAZONKINDL online order,Amazon Kindle Books,Debit Card,expense,Education
Property Rent - rent via nobroker,Property Rent,UPI,expense,Rent
Card payment to Licious,Licious,UPI,expense,Food
Tata Power - water bill,,UPI,expense,Bills
POS 4042XXXX1271 H&MND BENGALURU - furniture,H&M India,Credit Card,expense,Shopping
NEFT DR HDFC MUTUAL FUND 217372 - portfolio top up,HDFC Mutual Fund,UPI,expense,Investments
UPI/BookMyShow/269110/Payment,BookMyShow,UPI,expense,Travel
IMPS/622282/APOLLO - baby care products,Apollo Pharmacy,Credit Card,expense,Shopping
Apollo Pharmacy online order,Apollo Pharmacy,Net Banking,expense,Healthcare
POS 5924XXXX4576 OYO ROOMS JAIPUR - visa fee,OYO Rooms,Net Banking,expense,Travel
JioCinema JAIPUR,JioCinema,Debit Card,expense,Entertainment
POS 4495XXXX1615 AIRBNBIN BENGALURU - airport lounge,Airbnb India,Credit Card,expense,Travel
DEBIT CARD PURCHASE 1MGTT - doctor consultation,1mg Tata,Credit Card,expense,Healthcare
HDFCMUTUALFUND NOIDA - sip installment,,UPI,expense,Investments
IMPS/975633/Nestaway Rent - rent transfer,Nestaway Rent,Net Banking,expense,Rent
DEBIT CARD PURCHASE IndiGo Airlines - travel insurance,IndiGo Airlines,UPI,expense,Travel
UPI-Jio Fiber-255718@okhdfcbank - mobile recharge,Jio Fiber,Net Banking,expense,Bills
PAYTM-PAYTMMONEY-289019 - index fund investment,Paytm Money,Auto Debit,expense,Investments
UPI-Paytm Wallet-342369@okhdfcbank - metro card recharge,,Debit Card,expense,Transport
DEBIT CARD PURCHASE Amazon India - online purchase,Amazon India,Net Banking,expense,Shopping
UPI-HOUSE-871254@okhdfcbank,House Rent Payment,UPI,expense,Rent
Axis Bluechip SIP online order,Axis Bluechip SIP,Net Banking,expense,Investments
UPI/Airtel Postpaid/155178/Payment - insurance premium,Airtel Postpaid,Net Banking,expense,Bills
McDonalds - restaurant bill,McDonalds,Credit Card,expense,Food
BHIM UPI/Goibibo/406518 - travel insurance,Goibibo,Net Banking,expense,Travel
UPI/Lenskart/235772/Payment,Lenskart,Net Banking,expense,Shopping
UPI/Apple Music/735734/Payment,Apple Music,Debit Card,expense,Entertainment
NEFT DR RELIANCE 201087 - dth recharge,Reliance Digital,Net Banking,expense,Bills
Cognizant Technology monthly salary - salary for september,Cognizant Technology,Bank Transfer,income,Salary
Card payment to PHYSICS - coaching fee,Physics Wallah,Debit Card,expense,Education
BHIM UPI/FASTag Recharge/545773 - petrol,FASTag Recharge,Net Banking,expense,Transport
UPI-NPTEL Certification-511246@okhdfcbank - certification exam,NPTEL Certification,Credit Card,expense,Education
IMPS/480698/Amazon India,Amazon India,Credit Card,expense,Food
AIRTELPOST online order,Airtel Postpaid,Credit Card,expense,Bills
BHIM UPI/Reliance Digital/118026,Reliance Digital,Debit Card,expense,Shopping
UPI/ZERDHKT/593515/Payment - recurring deposit,,Bank Transfer,expense,Investments
POS 4976XXXX2673 IKEA INDIA HYDERABAD - skincare order,,UPI,expense,Shopping
SALARY CREDIT HCLTECHNOLOGIE 434307,,Bank Transfer,income,Salary
IMPS/115496/Bharat Gas - maintenance charges,Bharat Gas,Auto Debit,expense,Bills
PAYTM-CHYS-450917,Chaayos,Net Banking,expense,Food
Accenture India dividend payout - monthly salary credit,Accenture India,Bank Transfer,income,Salary
Stanza Living - rent transfer,Stanza Living,Net Banking,expense,Rent
BHIM UPI/NESTAWAY/715053 - rent transfer,Nestaway Rent,UPI,expense,Rent
UPI/FASTag Recharge/366115/Payment - bike rental,,Debit Card,expense,Transport
UPI/YATRNLN/499911/Payment - travel insurance,Yatra Online,Credit Card,expense,Travel
IMPS/394644/VISTR,Vistara,Debit Card,expense,Travel
NEFT DR AMAZONINDIA 197053,Amazon India,Net Banking,expense,Shopping
IMPS/608763/PVRCINEMAS,,Auto Debit,expense,Entertainment
IMPS/669948/Licious - vegetables and fruits,Licious,Net Banking,expense,Food
NEFT DR THIRD WAVE COFFEE 948780 - coffee,,Net Banking,expense,Food
Blu Smart - auto ride,Blu Smart,Debit Card,expense,Transport
NEFT DR CROMA 738368,Croma,Net Banking,expense,Education
BHIM UPI/Shoppers Stop/602004 - clothing order,Shoppers Stop,Net Banking,expense,Shopping
UPI-Nestaway Rent-251392@okhdfcbank - apartment rent,Nestaway Rent,Net Banking,expense,Rent
Card payment to Blinkit - otc medicines delivery,Blinkit,Debit Card,expense,Healthcare
BHIM UPI/INDNL/285757 - petrol refill,Indian Oil,Credit Card,expense,Transport
BHIM UPI/Air India/934382 - flight booking,Air India,UPI,expense,Travel
Card payment to Indian Oil Petrol Pump - bus pass,Indian Oil Petrol Pump,Credit Card,expense,Transport
IMPS/404533/Upstox - index fund investment,Upstox,Net Banking,expense,Investments
PAYTM-Behrouz Biryani-138798 - restaurant bill,Behrouz Biryani,Credit Card,expense,Food
NEFT DR SWIGGY 809000 - instamart household items,Swiggy,Debit Card,expense,Shopping
NEFT DR BMTC BUS 941945 - office commute,,Debit Card,expense,Transport
DEBIT CARD PURCHASE BookMyShow - stand up comedy show,BookMyShow,Debit Card,expense,Entertainment
Amazon India DELHI,,UPI,expense,Food
NEFT CR SWIGGY BUNDL TECHNOLOGIES SALARY - net pay,Swiggy Bundl Technologies,Net Banking,income,Salary
IMPS/829644/ACT Fibernet - utility payment,ACT Fibernet,Auto Debit,expense,Bills
UPI-NGO-210905@okhdfcbank,NGO Contribution,UPI,expense,Other
UPI-APOLLOPHAR-198039@okhdfcbank - prescription medicines,Apollo Pharmacy,UPI,expense,Healthcare
Card payment to INDIANOIL - highway convenience store snacks,Indian Oil,Net Banking,expense,Food
SUBWY BENGALURU - restaurant bill,Subway,Credit Card,expense,Food
POS 5232XXXX5417 COLIVE RENT KOCHI,Colive Rent,Bank Transfer,expense,Rent
UPI/Blinkit/533288/Payment - sanitiser and masks,Blinkit,UPI,expense,Healthcare
UPI/CASHWITH/309282/Payment - bank charges,,UPI,expense,Other
IMPS/949867/SWIGGY - dinner delivery,Swiggy,Credit Card,expense,Food
UPI/Paytm Money/809566/Payment,Paytm Money,Auto Debit,expense,Investments
BHIM UPI/EaseMyTrip/482867,EaseMyTrip,Net Banking,expense,Travel
IMPS/129723/TITANWORLD - sports gear,Titan World,Net Banking,expense,Shopping
HCL dividend payout,HCL Technologies,Bank Transfer,income,Salary
UPI-NoBroker Pay-210037@okhdfcbank,,Bank Transfer,expense,Rent
NEFT DR MEDPLUS 980272,MedPlus,UPI,expense,Healthcare
HDFC Bank - mutual fund sip debit,HDFC Bank,UPI,expense,Investments
BHIM UPI/PHYSCSWLLH/477735,Physics Wallah,Debit Card,expense,Education
BHIM UPI/Post Office/873124 - government fee,Post Office,Net Banking,expense,Other
BHIM UPI/Adani Electricity/698664,Adani Electricity,Auto Debit,expense,Bills
ACH CR INFOSYSLTD PAYROLL - monthly remuneration,,Bank Transfer,income,Salary
DEBIT CARD PURCHASE Crossword Bookstore - certification exam,,Credit Card,expense,Education
DEBIT CARD PURCHASE Amazon Prime Video,Amazon Prime Video,UPI,expense,Entertainment
Card payment to Goibibo - airport lounge,Goibibo,Debit Card,expense,Travel
Kuvera SIP KOCHI,Kuvera SIP,Net Banking,expense,Investments
PAYTM-ICICI Prudential SIP-663533,ICICI Prudential SIP,Net Banking,expense,Investments
Card payment to HP Petrol Pump,HP Petrol Pump,Credit Card,expense,Transport
ACH CR RAZORPAYSOFTW PAYROLL,Razorpay Software,Net Banking,income,Salary
BHIM UPI/Titan World/607354,Titan World,UPI,expense,Shopping
POS 4842XXXX5147 UBER INDIA KOLKATA,Uber India,UPI,expense,Transport
House Rent Payment,House Rent Payment,Net Banking,expense,Rent
Zomato online order - dessert,Zomato,Credit Card,expense,Food
PAYTM-SBI Mutual Fund-570026 - ppf contribution,,UPI,expense,Investments
BHIM UPI/Practo Consultation/891470,Practo Consultation,Debit Card,expense,Healthcare
DEBIT CARD PURCHASE Adani Electricity - gas cylinder booking,Adani Electricity,Credit Card,expense,Bills
IMPS/917216/Urban Company,Urban Company,UPI,expense,Healthcare
IMPS/830036/Rapido,,Net Banking,expense,Transport
PAYTM-Axis Bluechip SIP-156601 - equity purchase,Axis Bluechip SIP,UPI,expense,Investments
BHIM UPI/Haldirams Sweets/904644,Haldirams Sweets,Net Banking,expense,Food
DEBIT CARD PURCHASE AJIO - furniture,Ajio,Debit Card,expense,Shopping
Apollo Pharmacy NOIDA,Apollo Pharmacy,Credit Card,expense,Healthcare
Card payment to LIC,,Credit Card,expense,Bills
BHIM UPI/IRCTC Rail Connect/792999,IRCTC Rail Connect,Credit Card,expense,Travel
NEFT DR NYKAA 710516 - footwear,Nykaa,UPI,expense,Shopping
UPI-DMart-674615@okhdfcbank - clothing section,DMart,Debit Card,expense,Shopping
PAYTM-Scaler Academy-457822 - textbooks,,Net Banking,expense,Education
NEFT CR COGNZNTTCHNLGY SALARY,Cognizant Technology,Bank Transfer,income,Salary
PAYTM-Disney Plus Hotstar-395511 - movie tickets,Disney Plus Hotstar,Auto Debit,expense,Entertainment
PAYTMWALLET online order,Paytm Wallet,Debit Card,expense,Entertainment
Apollo Pharmacy - baby care products,Apollo Pharmacy,Debit Card,expense,Shopping
UPI/Shell Fuel Station/782874/Payment,Shell Fuel Station,Debit Card,expense,Transport
POS 4802XXXX2650 YOUTUBE PREMIUM PUNE,,Auto Debit,expense,Entertainment
POS 5471XXXX2150 CROMA RETAIL KOCHI,Croma Retail,Net Banking,expense,Shopping
BEHROUZBIRYANI online order - food order,Behrouz Biryani,UPI,expense,Food
PAYTM-Ajio-813750 - gift purchase,Ajio,UPI,expense,Shopping
NEFT DR YULU BIKES 772983 - fuel refill,Yulu Bikes,UPI,expense,Transport
NEFT DR RELIANCE DIGITAL 444571 - mobile bill payment counter,Reliance Digital,Credit Card,expense,Bills
IMPS/540224/INOXMOVIES - movie tickets,INOX Movies,Auto Debit,expense,Entertainment
UPI/National Pension Scheme/437352/Payment - ppf contribution,National Pension Scheme,Net Banking,expense,Investments
Card payment to Kuvera SIP - mutual fund purchase,Kuvera SIP,Net Banking,expense,Investments
UPI-MAXHEALTHCAR-431617@okhdfcbank,Max Healthcare,Debit Card,expense,Healthcare
UPI-Rapido-702132@okhdfcbank - metro recharge,Rapido,Credit Card,expense,Transport
IMPS/975301/RELNCDGTL - dth recharge,,Debit Card,expense,Bills
POS 4972XXXX7698 BOOKMYSHOW JAIPUR - subscription renewal,,UPI,expense,Entertainment
DEBIT CARD PURCHASE Urban Company - appliance repair,Urban Company,Debit Card,expense,Other
PAYTM-NoBroker Pay-618480 - rent transfer,NoBroker Pay,Net Banking,expense,Rent
Apollo Pharmacy,Apollo Pharmacy,Debit Card,expense,Healthcare
Apollo Pharmacy online order - doctor consultation,,Credit Card,expense,Healthcare
PAYTM-H&M India-485576,H&M India,Net Banking,expense,Shopping
IMPS/423292/Cash Withdrawal ATM - penalty payment,Cash Withdrawal ATM,Net Banking,expense,Other
Blinkit - sanitiser and masks,Blinkit,UPI,expense,Healthcare
UPI-Apollo Pharmacy-931180@okhdfcbank,Apollo Pharmacy,UPI,expense,Healthcare
IMPS/448460/Swiggy - dinner delivery,Swiggy,Debit Card,expense,Food
Card payment to Blinkit - milk bread eggs,Blinkit,Credit Card,expense,Food
Card payment to VODAFONEIDEA,Vodafone Idea,UPI,expense,Bills
House Rent Payment KOCHI - flat rent,,Net Banking,expense,Rent
IMPS/122733/Passport Seva - donation,Passport Seva,Debit Card,expense,Other
BHIM UPI/HDFC Bank/446674 - annual card fee,HDFC Bank,Debit Card,expense,Other
UPI/DMRT/475382/Payment,DMart,Net Banking,expense,Food
POS 4402XXXX1112 BOOKMYSHOW GURUGRAM,BookMyShow,Auto Debit,expense,Entertainment
Crossword Bookstore INDORE,Crossword Bookstore,Debit Card,expense,Education
UPI/Kuvera SIP/268332/Payment - recurring deposit,Kuvera SIP,UPI,expense,Investments
PAYTM-House Rent Payment-758066 - co-living rent,,UPI,expense,Rent
NEFT DR WELLNESS FOREVER 825280,Wellness Forever,Credit Card,expense,Healthcare
DEBIT CARD PURCHASE Colive Rent,Colive Rent,Net Banking,expense,Rent
Zepto online order - vegetables and fruits,Zepto,Credit Card,expense,Food
ACH CR ZOHO CORP PAYROLL - salary for september,Zoho Corp,Net Banking,income,Salary
NEFT DR NOBROKER PAY 705886 - rent via nobroker,,Bank Transfer,expense,Rent
Freshworks Inc dividend payout - net pay,,Bank Transfer,income,Salary
BHIM UPI/Namma Metro/384576,Namma Metro,Credit Card,expense,Transport
BHIM UPI/EaseMyTrip/594151 - bus booking,EaseMyTrip,Debit Card,expense,Travel
NoBroker Pay online order - rent via nobroker,NoBroker Pay,Net Banking,expense,Rent
PAYTM-Faasos-652640 - weekly groceries,Faasos,Debit Card,expense,Food
DEBIT CARD PURCHASE Amazon India,Amazon India,Net Banking,expense,Education
IMPS CR 610790 Freshworks Inc - freelance invoice payment,Freshworks Inc,Net Banking,income,Salary
PAYTM-Boat Lifestyle-499762 - electronics order,Boat Lifestyle,Debit Card,expense,Shopping
POS 5763XXXX2430 BLINKIT INDORE - team lunch,Blinkit,UPI,expense,Food
Card payment to Axis Bluechip SIP,Axis Bluechip SIP,Bank Transfer,expense,Investments
ICICI Prudential SIP online order - mutual fund purchase,ICICI Prudential SIP,Net Banking,expense,Investments
Meesho,Meesho,Credit Card,expense,Shopping
PAYTM-Netmeds-350710 - vitamins order,Netmeds,Debit Card,expense,Healthcare
IMPS/942418/Flipkart,Flipkart,UPI,expense,Shopping
Croma - tablet for online classes,Croma,Debit Card,expense,Education
NETFLX HYDERABAD - movie tickets,Netflix,Credit Card,expense,Entertainment
IMPS/182022/NETMEDS - dental visit,Netmeds,UPI,expense,Healthcare
PAYTM-LIC Premium-207548 - insurance premium,,UPI,expense,Bills
PAYTM-Cleartrip-212267,,UPI,expense,Travel
POS 4149XXXX8054 UDEMY NOIDA - textbooks,Udemy,UPI,expense,Education
UPI/Paytm Wallet/800104/Payment - movie ticket booking,Paytm Wallet,Debit Card,expense,Entertainment
NEFT DR CULT FIT 687491,Cult Fit,UPI,expense,Healthcare
UPI/BURGERKING/864867/Payment - food order,Burger King,Net Banking,expense,Food
IMPS/693063/Adani Electricity - utility payment,Adani Electricity,Credit Card,expense,Bills
BHIM UPI/Apollo Pharmacy/889946 - diabetes strips,Apollo Pharmacy,Net Banking,expense,Healthcare
Card payment to Yatra Online,Yatra Online,Credit Card,expense,Travel
SALARY CREDIT Swiggy Bundl Technologies 214570 - consulting retainer,Swiggy Bundl Technologies,Net Banking,income,Salary
Amazon India - exam guide,Amazon India,Net Banking,expense,Education
IMPS/363457/HDFC Mutual Fund,HDFC Mutual Fund,Net Banking,expense,Investments
NEFT DR NOBROKER PAY 265077 - rent transfer,NoBroker Pay,Bank Transfer,expense,Rent
UPI-FirstCry-885265@okhdfcbank,FirstCry,UPI,expense,Shopping
BookMyShow online order - monthly plan,,Debit Card,expense,Entertainment
Zolo Stays HYDERABAD - monthly house rent,Zolo Stays,Net Banking,expense,Rent
NPTEL Certification HYDERABAD - workshop registration,NPTEL Certification,Credit Card,expense,Education
Card payment to CASHWTHDRWLTM - bank charges,Cash Withdrawal ATM,Debit Card,expense,Other
Spotify India,Spotify India,Credit Card,expense,Entertainment
POS 4706XXXX4473 BHARAT PETROLEUM NOIDA - metro recharge,,Net Banking,expense,Transport
SALARY CREDIT Cognizant Technology 981163 - freelance invoice payment,Cognizant Technology,Net Banking,income,Salary
Courier Bluedart online order,Courier Bluedart,UPI,expense,Other
PAYTM-Courier Bluedart-180424 - home service,,Debit Card,expense,Other
BHIM UPI/Indian Oil/152734 - diesel refill,Indian Oil,Net Banking,expense,Transport
NEFT DR NATURALS ICE CREAM 805484,Naturals Ice Cream,UPI,expense,Food
NEFT DR SCALER ACADEMY 165244,Scaler Academy,Net Banking,expense,Education
NEFT CR DELOITTEINDIA SALARY - net pay,Deloitte India,Net Banking,income,Salary
Card payment to INDmoney,INDmoney,Auto Debit,expense,Investments
CREDIT INTEREST HCL Technologies,,Net Banking,income,Salary
Swiggy - instamart household items,Swiggy,Debit Card,expense,Shopping
DEBIT CARD PURCHASE Shoppers Stop - online purchase,Shoppers Stop,Credit Card,expense,Shopping
Lenskart PUNE - skincare order,Lenskart,UPI,expense,Shopping
DEBIT CARD PURCHASE 1mg Tata,1mg Tata,Net Banking,expense,Healthcare
AIRINDIA NOIDA,Air India,Debit Card,expense,Travel
Card payment to Urban Company - massage therapy session,Urban Company,Credit Card,expense,Healthcare
NEFT DR STARBUCKS COFFEE 881045 - coffee,Starbucks Coffee,UPI,expense,Food
UPI-SWGGY-200474@okhdfcbank - grocery basket,Swiggy,UPI,expense,Food
PAYTM-Apple Music-913716,Apple Music,UPI,expense,Entertainment
BHIM UPI/Apple Music/358452 - game purchase,,Debit Card,expense,Entertainment
PAYTM-AIRINDIA-953399 - airport lounge,Air India,Credit Card,expense,Travel
BHIM UPI/SBI Mutual Fund/255530,SBI Mutual Fund,Bank Transfer,expense,Investments
Landlord Rent Transfer online order - rent transfer,Landlord Rent Transfer,UPI,expense,Rent
Steam Games online order - annual plan,Steam Games,UPI,expense,Entertainment
NEFT DR ZOLO STAYS 244776,Zolo Stays,Net Banking,expense,Rent
IMPS/187607/Upstox - index fund investment,Upstox,Auto Debit,expense,Investments
Swiggy - late night food,Swiggy,Net Banking,expense,Food
Card payment to NGOCONTRIBUTION,NGO Contribution,Cash,expense,Other
DMart online order - home essentials,,Debit Card,expense,Shopping
IMPS/604738/NOBROKERPAY - apartment rent,NoBroker Pay,Net Banking,expense,Rent
DEBIT CARD PURCHASE NoBroker Pay,NoBroker Pay,UPI,expense,Rent
UPI/AUDIBLE/868564/Payment,Audible India,UPI,expense,Entertainment
NYKAA online order - gift purchase,Nykaa,Credit Card,expense,Shopping
KFCND BENGALURU - food order,KFC India,Credit Card,expense,Food
UPI-Park Plus Parking-285416@okhdfcbank,,UPI,expense,Transport
POS 5970XXXX4373 AMAZON INDIA GURUGRAM - kitchen appliance,Amazon India,Debit Card,expense,Shopping
NEFT DR DMART 233686 - dairy items,DMart,UPI,expense,Food
PAYTM-Cult Fit-393518 - health checkup,Cult Fit,UPI,expense,Healthcare
DMART KOLKATA,DMart,UPI,expense,Shopping
Vistara online order - weekend trip,Vistara,Debit Card,expense,Travel
NEFT DR ZOLO STAYS 207009 - co-living rent,Zolo Stays,Net Banking,expense,Rent
SALARY CREDIT Zoho Corp 408782 - consulting retainer,,Net Banking,income,Salary
Freshworks Inc dividend payout - monthly remuneration,Freshworks Inc,Net Banking,income,Salary
Swiggy Instamart online order - snacks,Swiggy Instamart,Debit Card,expense,Food
Card payment to Axis Bluechip SIP,Axis Bluechip SIP,Net Banking,expense,Investments
UPI/MedPlus/132007/Payment - vaccination,,Debit Card,expense,Healthcare
H&MINDIA online order - kitchen appliance,H&M India,Net Banking,expense,Shopping
IMPS/544023/LIC Premium - broadband bill,LIC Premium,Credit Card,expense,Bills
UPI/LIC Premium/701149/Payment,LIC Premium,UPI,expense,Bills
DEBIT CARD PURCHASE Yatra Online,Yatra Online,Net Banking,expense,Travel
UPI/House Rent Payment/140805/Payment - flat rent,House Rent Payment,UPI,expense,Rent
Dominos Pizza online order,Dominos Pizza,Credit Card,expense,Food
DEBIT CARD PURCHASE Subway - milk and eggs,,Net Banking,expense,Food
Goibibo online order - holiday package,Goibibo,UPI,expense,Travel
1mg Tata online order - doctor consultation,1mg Tata,Net Banking,expense,Healthcare
NEFT DR DMART 718244 - vegetables and staples,,UPI,expense,Food
Card payment to Post Office - donation,,UPI,expense,Other
PAYTM-Cash Withdrawal ATM-233415,Cash Withdrawal ATM,Cash,expense,Other
Westside GURUGRAM - footwear,Westside,Credit Card,expense,Shopping
IMPS/727274/Reliance Digital - mobile bill payment counter,Reliance Digital,Debit Card,expense,Bills
DEBIT CARD PURCHASE IKEA India,,Net Banking,expense,Shopping
PAYTM-PharmEasy-105644 - health checkup,PharmEasy,Credit Card,expense,Healthcare
IMPS/903722/Upstox - sip installment,Upstox,Auto Debit,expense,Investments
Bigbasket NOIDA,Bigbasket,Credit Card,expense,Food
Card payment to Treebo Hotels,,Credit Card,expense,Travel
UPI/Westside/740647/Payment,,Credit Card,expense,Shopping
UPI/IRCTC Rail Connect/325496/Payment,IRCTC Rail Connect,Credit Card,expense,Travel
DEBIT CARD PURCHASE Crossword Bookstore - subscription for learning,,Debit Card,expense,Education
BHIM UPI/Apple Music/938452,Apple Music,Credit Card,expense,Entertainment
POS 5861XXXX9405 TATA CLIQ JAIPUR - headphones,Tata Cliq,Net Banking,expense,Shopping
IMPS/414018/Taj Hotels,,UPI,expense,Travel
IMPS/905117/Amazon India - prime membership renewal,Amazon India,Credit Card,expense,Entertainment
Jio Fiber - broadband bill,Jio Fiber,UPI,expense,Bills
IMPS/993589/Croma - home appliance,Croma,Credit Card,expense,Shopping
Urban Company online order,Urban Company,Credit Card,expense,Healthcare
IMPS/648744/Swiggy,Swiggy,Net Banking,expense,Food
URBAN online order - salon and wellness at home,Urban Company,Debit Card,expense,Healthcare
Steam Games online order - monthly plan,Steam Games,Auto Debit,expense,Entertainment
UPI-Ajio-418751@okhdfcbank,Ajio,UPI,expense,Shopping
UPI/Park Plus Parking/520858/Payment - toll recharge,Park Plus Parking,Net Banking,expense,Transport
PAYTM-ZE5-945610 - annual plan,Zee5,Credit Card,expense,Entertainment
DEBIT CARD PURCHASE ICICI Prudential SIP,ICICI Prudential SIP,Net Banking,expense,Investments
BHIM UPI/Amazon India/192795 - prime video subscription,,UPI,expense,Entertainment
NEFT DR LENSKART 141331 - gift purchase,Lenskart,Net Banking,expense,Shopping
BHIM UPI/MANIPALHOS/795247 - eye checkup,Manipal Hospital,Net Banking,expense,Healthcare
SWIGGY KOCHI - restaurant order,Swiggy,Net Banking,expense,Food
Theobroma KOLKATA - dessert,Theobroma,UPI,expense,Food
IMPS CR 668452 Cognizant Technology - freelance invoice payment,Cognizant Technology,Net Banking,income,Salary
DEBIT CARD PURCHASE Cash Withdrawal ATM - misc payment,Cash Withdrawal ATM,Net Banking,expense,Other
HDFC online order - annual card fee,HDFC Bank,Net Banking,expense,Other
Ola Cabs NOIDA - office commute,Ola Cabs,Credit Card,expense,Transport
PAYTM-Theobroma-133429 - milk and eggs,Theobroma,UPI,expense,Food
Croma CHENNAI - e reader purchase,Croma,UPI,expense,Education
BHIM UPI/1mg Tata/277124 - physiotherapy session,1mg Tata,Net Banking,expense,Healthcare
BHIM UPI/PAYTMWALLET/369481 - cab fare,Paytm Wallet,UPI,expense,Transport
UPI/MAHANAGA/494250/Payment,Mahanagar Gas,UPI,expense,Bills
IMPS/864513/BWSSB Water - utility payment,BWSSB Water,UPI,expense,Bills
NEFT DR PEPPERFRY 112853 - electronics order,Pepperfry,Debit Card,expense,Shopping
BHIM UPI/Blinkit/366871,Blinkit,Debit Card,expense,Food
MedPlus - vaccination,MedPlus,Debit Card,expense,Healthcare
NEFT DR KUVERA SIP 385270,Kuvera SIP,UPI,expense,Investments
Card payment to Udemy,Udemy,Net Banking,expense,Education
ACH CR COGNIZANT TECHNOLOGY PAYROLL,,Net Banking,income,Salary
UPI-Dr Lal PathLabs-481903@okhdfcbank - vaccination,Dr Lal PathLabs,Debit Card,expense,Healthcare
Jio Fiber INDORE,Jio Fiber,Auto Debit,expense,Bills
POS 5177XXXX8580 ZEE5 MUMBAI - concert tickets,Zee5,Credit Card,expense,Entertainment
Card payment to PROPERTY - pg rent,Property Rent,Net Banking,expense,Rent
UPI-MedPlus-918710@okhdfcbank - doctor consultation,MedPlus,Net Banking,expense,Healthcare
NEFT DR PHYSICS 206241 - textbooks,,Credit Card,expense,Education
BHIM UPI/Uber India/527492 - toll recharge,Uber India,UPI,expense,Transport
SALARY CREDIT FRESHWORK 491735,Freshworks Inc,Net Banking,income,Salary
NEFT DR SWIGGY 344638 - team lunch,Swiggy,Credit Card,expense,Food
Airbnb India DELHI - bus booking,Airbnb India,UPI,expense,Travel
UPI-Blinkit-620616@okhdfcbank - groceries in ten minutes,Blinkit,UPI,expense,Food
UPI/Fortis Healthcare/360471/Payment - vitamins order,Fortis Healthcare,UPI,expense,Healthcare
UPI/STANZALIVING/511395/Payment - co-living rent,Stanza Living,Net Banking,expense,Rent
UPI/HDFC Bank/169411/Payment - mutual fund sip debit,HDFC Bank,Net Banking,expense,Investments
DEBIT CARD PURCHASE Cambridge Assessment - course fee,,Net Banking,expense,Education
Deloitte India monthly salary - payroll credit,Deloitte India,Bank Transfer,income,Salary
BHIM UPI/EaseMyTrip/140421,EaseMyTrip,Credit Card,expense,Travel
Card payment to Paytm Wallet,Paytm Wallet,Net Banking,expense,Bills
UPI-Pepperfry-716913@okhdfcbank,Pepperfry,Net Banking,expense,Shopping
POS 5878XXXX6050 ZOLO STAYS BENGALURU - monthly house rent,Zolo Stays,Bank Transfer,expense,Rent
UPI-Passport Seva-229285@okhdfcbank,,Net Banking,expense,Other
UPI-POSTFFC-514280@okhdfcbank - courier charges,,Cash,expense,Other
POS 4203XXXX1329 BIGBASKET MUMBAI - weekly groceries,Bigbasket,Debit Card,expense,Food
Urban Company,Urban Company,UPI,expense,Other
HDFC - gas cylinder booking,HDFC Ergo Insurance,Auto Debit,expense,Bills
JICNM MUMBAI - game purchase,JioCinema,Auto Debit,expense,Entertainment
Cleartrip,,Debit Card,expense,Travel
Indane Gas - postpaid bill,Indane Gas,Auto Debit,expense,Bills
BookMyShow MUMBAI - movie tickets,BookMyShow,Credit Card,expense,Entertainment
Indian Oil online order - highway convenience store snacks,Indian Oil,Credit Card,expense,Food
BookMyShow CHENNAI - concert,BookMyShow,Debit Card,expense,Entertainment
ZOHCRP dividend payout - salary for september,Zoho Corp,Bank Transfer,income,Salary
RedBus KOLKATA,RedBus,Net Banking,expense,Travel
NoBroker Pay online order - co-living rent,,Net Banking,expense,Rent
Card payment to Society Maintenance - electricity bill,Society Maintenance,Credit Card,expense,Bills
UPI/UNACADEMY/503857/Payment - certification exam,Unacademy,Credit Card,expense,Education
Miscellaneous Payment - government fee,,Debit Card,expense,Other
UPI-House Rent Payment-162354@okhdfcbank,House Rent Payment,Bank Transfer,expense,Rent
PAYTM-BYJUS Learning-260597 - online class,BYJUS Learning,Net Banking,expense,Education
Blinkit - groceries in ten minutes,Blinkit,Net Banking,expense,Food
POS 4072XXXX1487 BLU SMART KOCHI - car service,Blu Smart,Credit Card,expense,Transport
Swiggy online order - lunch order,Swiggy,Debit Card,expense,Food
UPI/JIOCINEM/529582/Payment - monthly plan,JioCinema,Debit Card,expense,Entertainment
PAYTM-Delhi Metro Rail-878152 - office commute,Delhi Metro Rail,UPI,expense,Transport
Blinkit JAIPUR - milk bread eggs,Blinkit,Credit Card,expense,Food
BHIM UPI/Post Office/152102,Post Office,Net Banking,expense,Other
PAYTM-Bigbasket-259740,Bigbasket,Credit Card,expense,Food
NEFT DR BIGBASKET 448804,Bigbasket,Credit Card,expense,Food
NEFT DR PHARMEASY 313941 - vaccination,PharmEasy,UPI,expense,Healthcare
UPI/Practo Consultation/239674/Payment,,Net Banking,expense,Healthcare
PAYTM-HDFC Ergo Insurance-579736 - electricity bill,,Net Banking,expense,Bills
ACH CR RAZORPAY SOFTWARE PAYROLL - monthly salary credit,Razorpay Software,Net Banking,income,Salary
POS 4321XXXX1354 ROYAL AUTO SERVICE GURUGRAM,Royal Auto Service,Credit Card,expense,Transport
DEBIT CARD PURCHASE Netmeds - gym membership,Netmeds,Credit Card,expense,Healthcare
BHIM UPI/WESTSIDE/843790 - accessories,Westside,Net Banking,expense,Shopping
Behrouz Biryani,,Debit Card,expense,Food
Cheque Payment MUMBAI - misc payment,Cheque Payment,Cash,expense,Other
ACH CR ACCENTURE INDIA PAYROLL - monthly salary credit,Accenture India,Bank Transfer,income,Salary
Fortis Healthcare online order,Fortis Healthcare,Credit Card,expense,Healthcare
Card payment to Paytm Wallet,,Credit Card,expense,Bills
BHIM UPI/YouTube Premium/233191 - weekend movie,,Auto Debit,expense,Entertainment
PAYTM-Boat Lifestyle-685924 - furniture,Boat Lifestyle,Credit Card,expense,Shopping
SALARY CREDIT HCL Technologies 121270,HCL Technologies,Net Banking,income,Salary
UPI-Locksmith Service-843825@okhdfcbank - unclassified spend,Locksmith Service,Cash,expense,Other
UPI-Rapido-227582@okhdfcbank - car service,Rapido,Debit Card,expense,Transport
POS 5672XXXX1839 NGO CONTRIBUTION KOLKATA,NGO Contribution,Net Banking,expense,Other
BHIM UPI/IndiGo Airlines/826107 - holiday package,,Net Banking,expense,Travel
NEFT DR FAASOS 322323 - coffee,Faasos,UPI,expense,Food
DEBIT CARD PURCHASE Miscellaneous Payment,Miscellaneous Payment,Net Banking,expense,Other
Card payment to INOX Movies - concert tickets,INOX Movies,UPI,expense,Entertainment
UPI/Paytm Money/959045/Payment - mutual fund purchase,Paytm Money,Net Banking,expense,Investments
BHIM UPI/CASHWTHDRWLTM/298858 - misc payment,Cash Withdrawal ATM,Net Banking,expense,Other
DEBIT CARD PURCHASE ICICI Prudential SIP - nps contribution,,Auto Debit,expense,Investments
UPI/Amazon India/427500/Payment,Amazon India,UPI,expense,Shopping
DONATION online order,Donation GiveIndia,Net Banking,expense,Other
NEFT DR KUVERA SIP 548519 - gold bond purchase,,Auto Debit,expense,Investments
POS 4054XXXX6216 PAYTM WALLET CHENNAI - movie ticket booking,Paytm Wallet,UPI,expense,Entertainment
NEFT DR SWIGGY 196412,Swiggy,Net Banking,expense,Food
BHIM UPI/APOLLO/715201 - baby care products,Apollo Pharmacy,Debit Card,expense,Shopping
Card payment to Paytm Wallet,Paytm Wallet,Debit Card,expense,Bills
Indian Oil CHENNAI - highway convenience store snacks,Indian Oil,UPI,expense,Food
IMPS/231713/MakeMyTrip,,Debit Card,expense,Travel
POS 5488XXXX5582 INDIAN OIL MUMBAI - diesel refill,Indian Oil,UPI,expense,Transport
DEBIT CARD PURCHASE Starbucks Coffee - dessert,,Debit Card,expense,Food
DEBIT CARD PURCHASE Passport Seva - cash withdrawal,Passport Seva,Cash,expense,Other
UPI/Cheque Payment/319506/Payment - bank charges,Cheque Payment,Net Banking,expense,Other
SALARY CREDIT WIPROLTD 545015,Wipro Ltd,Bank Transfer,income,Salary
Urban Company - bank charges,Urban Company,Debit Card,expense,Other
CASH,Cash Withdrawal ATM,Cash,expense,Other
UPI-HDFCBANK-150488@okhdfcbank,HDFC Bank,Credit Card,expense,Other
Colive Rent online order - apartment rent,Colive Rent,Bank Transfer,expense,Rent
Colive Rent online order - apartment rent,,Net Banking,expense,Rent
BHIM UPI/Reliance Fresh/537668,Reliance Fresh,Credit Card,expense,Food
DEBIT CARD PURCHASE UPGRAD,upGrad,Debit Card,expense,Education
YULBKS,Yulu Bikes,Credit Card,expense,Transport
Card payment to NGO Contribution - donation,NGO Contribution,UPI,expense,Other
UPI/POSTFFC/165587/Payment - misc payment,Post Office,Net Banking,expense,Other
UPI/DMART/215959/Payment - lunch order,DMart Grocery,Net Banking,expense,Food
Card payment to Croma - e reader purchase,Croma,UPI,expense,Education
ZARAINDIA INDORE,Zara India,Debit Card,expense,Shopping
POS 5571XXXX2731 RELIANCE DIGITAL KOCHI,Reliance Digital,Credit Card,expense,Bills
ZARND HYDERABAD - headphones,Zara India,Net Banking,expense,Shopping
IMPS/631409/Manipal Hospital,Manipal Hospital,Net Banking,expense,Healthcare
INDIANOIL,Indian Oil,Credit Card,expense,Transport
PAYTM-CLRTRP-545983 - visa fee,Cleartrip,Credit Card,expense,Travel
IMPS/560855/Apollo Pharmacy,Apollo Pharmacy,Debit Card,expense,Healthcare
DEBIT CARD PURCHASE Reliance Digital - television purchase,,Net Banking,expense,Shopping
IMPS/888695/LIC Premium,LIC Premium,Auto Debit,expense,Bills
